Anio,Codigo,Departamento,Población,Camas de hospitalización,Camas de observación,Consultorios de consulta externa,Consultorios en el servicio de urgencias,Mesas de partos,Número de unidades de odontología,Salas de quirófanos,Camas de hospitalización/Habitantes,Camas de observación/Habitantes,Consultorios de consulta externa/Habitantes,Consultorios en el servicio de urgencias/Habitantes,Mesas de partos/Habitantes,Número de unidades de odontología/Habitantes,Salas de quirófanos/Habitantes
2002,91.0,Amazonas,56082.0,115,8,16,10,10,11,11,205.06,14.26,28.53,17.83,17.83,19.61,19.61
2002,5.0,Antioquia,5263667.0,2816,556,894,170,186,414,114,53.5,10.56,16.98,3.23,3.53,7.87,2.17
2002,81.0,Arauca,217509.0,233,39,33,12,12,20,9,107.12,17.93,15.17,5.52,5.52,9.2,4.14
2002,88.0,"Archipiélago de San Andrés, Providencia y Santa Catalina",61843.0,69,2,22,4,2,8,3,111.57,3.23,35.57,6.47,3.23,12.94,4.85
2002,8.0,Atlántico,2017648.0,959,134,171,42,47,57,23,47.53,6.64,8.48,2.08,2.33,2.83,1.14
2002,11.0,"Bogotá, D.C.",6414904.0,2153,279,654,80,50,266,51,33.56,4.35,10.2,1.25,0.78,4.15,0.8
2002,13.0,Bolívar,1725647.0,695,197,226,61,71,106,26,40.27,11.42,13.1,3.53,4.11,6.14,1.51
2002,15.0,Boyacá,1129250.0,1212,196,342,92,78,217,45,107.33,17.36,30.29,8.15,6.91,19.22,3.98
2002,17.0,Caldas,1005919.0,1118,121,211,47,42,89,23,111.14,12.03,20.98,4.67,4.18,8.85,2.29
2002,18.0,Caquetá,370243.0,296,50,57,20,23,30,7,79.95,13.5,15.4,5.4,6.21,8.1,1.89
2002,85.0,Casanare,303003.0,314,68,67,19,23,39,9,103.63,22.44,22.11,6.27,7.59,12.87,2.97
2002,19.0,Cauca,1235188.0,645,161,256,64,69,116,24,52.22,13.03,20.73,5.18,5.59,9.39,1.94
2002,20.0,Cesar,904392.0,681,138,184,44,54,59,22,75.3,15.26,20.35,4.87,5.97,6.52,2.43
2002,27.0,Chocó,368818.0,301,111,58,17,36,36,8,81.61,30.1,15.73,4.61,9.76,9.76,2.17
2002,25.0,Cundinamarca,1836523.0,1792,280,361,98,75,147,72,97.58,15.25,19.66,5.34,4.08,8.0,3.92
2002,23.0,Córdoba,1479008.0,764,166,210,43,42,87,25,51.66,11.22,14.2,2.91,2.84,5.88,1.69
2002,94.0,Guainía,27426.0,56,4,3,3,3,3,1,204.19,14.58,10.94,10.94,10.94,10.94,3.65
2002,95.0,Guaviare,73006.0,126,7,14,2,1,3,2,172.59,9.59,19.18,2.74,1.37,4.11,2.74
2002,41.0,Huila,906072.0,828,148,182,49,53,77,20,91.38,16.33,20.09,5.41,5.85,8.5,2.21
2002,44.0,La Guajira,602182.0,271,51,113,30,32,47,13,45.0,8.47,18.77,4.98,5.31,7.8,2.16
2002,47.0,Magdalena,1045572.0,706,106,124,50,53,54,18,67.52,10.14,11.86,4.78,5.07,5.16,1.72
2002,50.0,Meta,730069.0,552,87,89,31,31,40,20,75.61,11.92,12.19,4.25,4.25,5.48,2.74
2002,,Nacional,40190679.0,25224,4742,6131,1496,1472,2815,810,62.76,11.8,15.25,3.72,3.66,7.0,2.02
2002,52.0,Nariño,1467795.0,580,303,294,87,93,167,21,39.52,20.64,20.03,5.93,6.34,11.38,1.43
2002,54.0,Norte de Santander,1252638.0,860,214,162,48,49,94,20,68.66,17.08,12.93,3.83,3.91,7.5,1.6
2002,86.0,Putumayo,246855.0,222,34,57,11,13,29,6,89.93,13.77,23.09,4.46,5.27,11.75,2.43
2002,63.0,Quindío,507466.0,526,96,105,27,17,68,12,103.65,18.92,20.69,5.32,3.35,13.4,2.36
2002,66.0,Risaralda,861038.0,618,186,187,30,26,59,18,71.77,21.6,21.72,3.48,3.02,6.85,2.09
2002,68.0,Santander,1813722.0,2195,284,331,111,102,160,60,121.02,15.66,18.25,6.12,5.62,8.82,3.31
2002,70.0,Sucre,756956.0,577,156,155,35,42,62,16,76.23,20.61,20.48,4.62,5.55,8.19,2.11
2002,73.0,Tolima,1297217.0,1050,173,200,69,66,106,36,80.94,13.34,15.42,5.32,5.09,8.17,2.78
2002,76.0,Valle del Cauca,4120344.0,1764,372,331,82,62,130,66,42.81,9.03,8.03,1.99,1.5,3.16,1.6
2002,97.0,Vaupés,21914.0,34,6,3,1,1,3,1,155.15,27.38,13.69,4.56,4.56,13.69,4.56
2002,99.0,Vichada,70763.0,96,9,19,7,8,11,8,135.66,12.72,26.85,9.89,11.31,15.54,11.31
2003,91.0,Amazonas,57244.0,86,8,17,10,10,11,11,150.23,13.98,29.7,17.47,17.47,19.22,19.22
2003,5.0,Antioquia,5330340.0,2740,555,941,184,187,428,114,51.4,10.41,17.65,3.45,3.51,8.03,2.14
2003,81.0,Arauca,218903.0,236,39,37,13,12,20,9,107.81,17.82,16.9,5.94,5.48,9.14,4.11
2003,88.0,"Archipiélago de San Andrés, Providencia y Santa Catalina",62040.0,65,2,18,4,2,6,3,104.77,3.22,29.01,6.45,3.22,9.67,4.84
2003,8.0,Atlántico,2050266.0,968,160,194,45,52,62,24,47.21,7.8,9.46,2.19,2.54,3.02,1.17
2003,11.0,"Bogotá, D.C.",6518528.0,2259,338,682,91,51,263,54,34.66,5.19,10.46,1.4,0.78,4.03,0.83
2003,13.0,Bolívar,1751313.0,712,264,272,70,90,124,28,40.66,15.07,15.53,4.0,5.14,7.08,1.6
2003,15.0,Boyacá,1133618.0,1224,250,392,107,88,254,43,107.97,22.05,34.58,9.44,7.76,22.41,3.79
2003,17.0,Caldas,1003556.0,1132,123,224,51,42,92,23,112.8,12.26,22.32,5.08,4.19,9.17,2.29
2003,18.0,Caquetá,373786.0,300,50,58,21,23,32,7,80.26,13.38,15.52,5.62,6.15,8.56,1.87
2003,85.0,Casanare,310315.0,316,68,72,19,23,41,9,101.83,21.91,23.2,6.12,7.41,13.21,2.9
2003,19.0,Cauca,1251001.0,659,175,261,65,69,123,27,52.68,13.99,20.86,5.2,5.52,9.83,2.16
2003,20.0,Cesar,919636.0,713,140,186,47,54,61,22,77.53,15.22,20.23,5.11,5.87,6.63,2.39
2003,27.0,Chocó,379651.0,295,127,63,18,35,36,8,77.7,33.45,16.59,4.74,9.22,9.48,2.11
2003,25.0,Cundinamarca,1855495.0,1759,287,381,99,76,157,73,94.8,15.47,20.53,5.34,4.1,8.46,3.93
2003,23.0,Córdoba,1499332.0,749,181,224,45,46,88,25,49.96,12.07,14.94,3.0,3.07,5.87,1.67
2003,94.0,Guainía,28509.0,56,12,10,5,5,7,3,196.43,42.09,35.08,17.54,17.54,24.55,10.52
2003,95.0,Guaviare,73442.0,129,18,27,7,10,8,3,175.65,24.51,36.76,9.53,13.62,10.89,4.08
2003,41.0,Huila,918198.0,772,146,177,49,56,81,17,84.08,15.9,19.28,5.34,6.1,8.82,1.85
2003,44.0,La Guajira,617010.0,319,60,130,33,33,51,16,51.7,9.72,21.07,5.35,5.35,8.27,2.59
2003,47.0,Magdalena,1062649.0,709,149,175,72,70,88,19,66.72,14.02,16.47,6.78,6.59,8.28,1.79
2003,50.0,Meta,751036.0,641,107,110,43,42,62,25,85.35,14.25,14.65,5.73,5.59,8.26,3.33
2003,,Nacional,40693254.0,25185,5229,6624,1630,1568,3054,825,61.89,12.85,16.28,4.01,3.85,7.5,2.03
2003,52.0,Nariño,1482363.0,608,339,329,88,92,190,20,41.02,22.87,22.19,5.94,6.21,12.82,1.35
2003,54.0,Norte de Santander,1268004.0,838,219,165,49,52,97,20,66.09,17.27,13.01,3.86,4.1,7.65,1.58
2003,86.0,Putumayo,253401.0,235,66,73,14,14,39,7,92.74,26.05,28.81,5.52,5.52,15.39,2.76
2003,63.0,Quindío,508808.0,537,98,108,27,17,68,12,105.54,19.26,21.23,5.31,3.34,13.36,2.36
2003,66.0,Risaralda,866728.0,603,191,190,32,26,60,18,69.57,22.04,21.92,3.69,3.0,6.92,2.08
2003,68.0,Santander,1836764.0,2057,298,351,124,107,174,59,111.99,16.22,19.11,6.75,5.83,9.47,3.21
2003,70.0,Sucre,766160.0,576,168,158,36,45,64,16,75.18,21.93,20.62,4.7,5.87,8.35,2.09
2003,73.0,Tolima,1300806.0,1027,180,208,70,66,107,36,78.95,13.84,15.99,5.38,5.07,8.23,2.77
2003,76.0,Valle del Cauca,4148271.0,1735,396,369,84,64,146,65,41.82,9.55,8.9,2.02,1.54,3.52,1.57
2003,97.0,Vaupés,23047.0,34,6,3,1,1,3,1,147.52,26.03,13.02,4.34,4.34,13.02,4.34
2003,99.0,Vichada,73034.0,96,9,19,7,8,11,8,131.45,12.32,26.02,9.58,10.95,15.06,10.95
2004,91.0,Amazonas,58414.0,86,8,21,10,10,11,11,147.22,13.7,35.95,17.12,17.12,18.83,18.83
2004,5.0,Antioquia,5396150.0,2745,562,937,190,183,432,109,50.87,10.41,17.36,3.52,3.39,8.01,2.02
2004,81.0,Arauca,220115.0,238,36,43,12,10,22,8,108.13,16.36,19.54,5.45,4.54,9.99,3.63
2004,88.0,"Archipiélago de San Andrés, Providencia y Santa Catalina",62162.0,65,11,15,4,2,5,3,104.57,17.7,24.13,6.43,3.22,8.04,4.83
2004,8.0,Atlántico,2082198.0,910,186,213,48,48,68,21,43.7,8.93,10.23,2.31,2.31,3.27,1.01
2004,11.0,"Bogotá, D.C.",6616513.0,2336,358,735,98,40,278,58,35.31,5.41,11.11,1.48,0.6,4.2,0.88
2004,13.0,Bolívar,1776177.0,718,271,307,75,89,123,24,40.42,15.26,17.28,4.22,5.01,6.92,1.35
2004,15.0,Boyacá,1137797.0,1096,246,416,106,86,251,43,96.33,21.62,36.56,9.32,7.56,22.06,3.78
2004,17.0,Caldas,1000581.0,835,152,223,64,56,106,25,83.45,15.19,22.29,6.4,5.6,10.59,2.5
2004,18.0,Caquetá,376967.0,289,53,64,21,21,40,9,76.66,14.06,16.98,5.57,5.57,10.61,2.39
2004,85.0,Casanare,317671.0,280,79,88,24,26,52,20,88.14,24.87,27.7,7.55,8.18,16.37,6.3
2004,19.0,Cauca,1266447.0,690,175,289,66,69,143,27,54.48,13.82,22.82,5.21,5.45,11.29,2.13
2004,20.0,Cesar,934589.0,738,148,194,48,55,74,25,78.97,15.84,20.76,5.14,5.88,7.92,2.67
2004,27.0,Chocó,390932.0,307,122,67,18,37,35,10,78.53,31.21,17.14,4.6,9.46,8.95,2.56
2004,25.0,Cundinamarca,1877914.0,1765,344,478,114,84,205,75,93.99,18.32,25.45,6.07,4.47,10.92,3.99
2004,23.0,Córdoba,1519528.0,732,194,225,51,53,93,22,48.17,12.77,14.81,3.36,3.49,6.12,1.45
2004,94.0,Guainía,29613.0,57,9,10,2,5,7,5,192.48,30.39,33.77,6.75,16.88,23.64,16.88
2004,95.0,Guaviare,73635.0,132,34,34,11,12,11,3,179.26,46.17,46.17,14.94,16.3,14.94,4.07
2004,41.0,Huila,930198.0,840,194,177,52,59,77,19,90.3,20.86,19.03,5.59,6.34,8.28,2.04
2004,44.0,La Guajira,631693.0,305,69,124,30,33,55,17,48.28,10.92,19.63,4.75,5.22,8.71,2.69
2004,47.0,Magdalena,1080076.0,712,153,204,61,69,99,21,65.92,14.17,18.89,5.65,6.39,9.17,1.94
2004,50.0,Meta,772192.0,642,106,122,48,45,69,17,83.14,13.73,15.8,6.22,5.83,8.94,2.2
2004,,Nacional,41188093.0,24853,5508,7520,1739,1611,3401,828,60.34,13.37,18.26,4.22,3.91,8.26,2.01
2004,52.0,Nariño,1496726.0,591,356,433,91,89,208,20,39.49,23.79,28.93,6.08,5.95,13.9,1.34
2004,54.0,Norte de Santander,1283002.0,895,204,190,58,61,119,19,69.76,15.9,14.81,4.52,4.75,9.28,1.48
2004,86.0,Putumayo,259859.0,270,67,78,14,15,41,6,103.9,25.78,30.02,5.39,5.77,15.78,2.31
2004,63.0,Quindío,510019.0,539,104,116,33,17,68,12,105.68,20.39,22.74,6.47,3.33,13.33,2.35
2004,66.0,Risaralda,872340.0,654,148,189,32,27,65,18,74.97,16.97,21.67,3.67,3.1,7.45,2.06
2004,68.0,Santander,1859665.0,1820,312,350,122,109,172,54,97.87,16.78,18.82,6.56,5.86,9.25,2.9
2004,70.0,Sucre,775124.0,644,197,188,45,51,80,20,83.08,25.42,24.25,5.81,6.58,10.32,2.58
2004,73.0,Tolima,1303498.0,1005,182,318,74,66,111,29,77.1,13.96,24.4,5.68,5.06,8.52,2.22
2004,76.0,Valle del Cauca,4176734.0,1802,408,647,108,76,267,72,43.14,9.77,15.49,2.59,1.82,6.39,1.72
2004,97.0,Vaupés,24236.0,23,6,3,1,1,3,1,94.9,24.76,12.38,4.13,4.13,12.38,4.13
2004,99.0,Vichada,75328.0,92,14,22,8,7,11,5,122.13,18.59,29.21,10.62,9.29,14.6,6.64
2005,91.0,Amazonas,59580.0,86,8,21,10,10,11,11,144.34,13.43,35.25,16.78,16.78,18.46,18.46
2005,5.0,Antioquia,5460843.0,2864,651,1019,189,177,430,92,52.45,11.92,18.66,3.46,3.24,7.87,1.68
2005,81.0,Arauca,220852.0,205,50,52,14,8,25,6,92.82,22.64,23.55,6.34,3.62,11.32,2.72
2005,88.0,"Archipiélago de San Andrés, Providencia y Santa Catalina",62120.0,72,10,9,4,2,2,3,115.9,16.1,14.49,6.44,3.22,3.22,4.83
2005,8.0,Atlántico,2114136.0,781,174,238,49,48,79,19,36.94,8.23,11.26,2.32,2.27,3.74,0.9
2005,11.0,"Bogotá, D.C.",6710910.0,2473,369,743,95,41,269,64,36.85,5.5,11.07,1.42,0.61,4.01,0.95
2005,13.0,Bolívar,1799794.0,700,293,309,79,89,138,22,38.89,16.28,17.17,4.39,4.95,7.67,1.22
2005,15.0,Boyacá,1140665.0,961,287,447,112,90,272,45,84.25,25.16,39.19,9.82,7.89,23.85,3.95
2005,17.0,Caldas,996434.0,846,175,237,58,55,107,26,84.9,17.56,23.78,5.82,5.52,10.74,2.61
2005,18.0,Caquetá,379273.0,307,64,71,22,24,43,10,80.94,16.87,18.72,5.8,6.33,11.34,2.64
2005,85.0,Casanare,325061.0,214,50,64,14,9,40,5,65.83,15.38,19.69,4.31,2.77,12.31,1.54
2005,19.0,Cauca,1281052.0,715,250,305,70,72,170,24,55.81,19.52,23.81,5.46,5.62,13.27,1.87
2005,20.0,Cesar,948747.0,778,176,202,50,58,78,20,82.0,18.55,21.29,5.27,6.11,8.22,2.11
2005,27.0,Chocó,402709.0,266,107,59,14,33,35,7,66.05,26.57,14.65,3.48,8.19,8.69,1.74
2005,25.0,Cundinamarca,1903495.0,1794,358,555,121,94,234,71,94.25,18.81,29.16,6.36,4.94,12.29,3.73
2005,23.0,Córdoba,1539313.0,694,193,237,53,47,104,20,45.09,12.54,15.4,3.44,3.05,6.76,1.3
2005,94.0,Guainía,30731.0,59,6,10,2,4,7,2,191.99,19.52,32.54,6.51,13.02,22.78,6.51
2005,95.0,Guaviare,73296.0,140,28,34,11,15,11,3,191.01,38.2,46.39,15.01,20.46,15.01,4.09
2005,41.0,Huila,941763.0,852,202,186,56,56,112,15,90.47,21.45,19.75,5.95,5.95,11.89,1.59
2005,44.0,La Guajira,645718.0,317,83,137,27,31,75,12,49.09,12.85,21.22,4.18,4.8,11.61,1.86
2005,47.0,Magdalena,1097751.0,692,176,224,57,69,102,23,63.04,16.03,20.41,5.19,6.29,9.29,2.1
2005,50.0,Meta,793921.0,649,143,135,44,41,71,13,81.75,18.01,17.0,5.54,5.16,8.94,1.64
2005,,Nacional,41671878.0,24729,5897,7795,1729,1591,3600,766,59.34,14.15,18.71,4.15,3.82,8.64,1.84
2005,52.0,Nariño,1510454.0,590,374,389,92,92,209,18,39.06,24.76,25.75,6.09,6.09,13.84,1.19
2005,54.0,Norte de Santander,1297649.0,881,265,198,58,61,117,18,67.89,20.42,15.26,4.47,4.7,9.02,1.39
2005,86.0,Putumayo,266274.0,291,68,70,14,16,46,7,109.29,25.54,26.29,5.26,6.01,17.28,2.63
2005,63.0,Quindío,511181.0,556,102,120,32,18,65,12,108.77,19.95,23.48,6.26,3.52,12.72,2.35
2005,66.0,Risaralda,877974.0,626,155,187,37,25,78,14,71.3,17.65,21.3,4.21,2.85,8.88,1.59
2005,68.0,Santander,1882375.0,1809,311,344,124,116,176,65,96.1,16.52,18.27,6.59,6.16,9.35,3.45
2005,70.0,Sucre,783535.0,556,158,178,38,45,69,17,70.96,20.17,22.72,4.85,5.74,8.81,2.17
2005,73.0,Tolima,1304216.0,1011,183,207,71,63,108,29,77.52,14.03,15.87,5.44,4.83,8.28,2.22
2005,76.0,Valle del Cauca,4206951.0,1824,413,786,103,73,304,67,43.36,9.82,18.68,2.45,1.74,7.23,1.59
2005,97.0,Vaupés,25461.0,28,6,3,1,1,3,1,109.97,23.57,11.78,3.93,3.93,11.78,3.93
2005,99.0,Vichada,77644.0,92,9,19,8,8,10,5,118.49,11.59,24.47,10.3,10.3,12.88,6.44
2006,91.0,Amazonas,60784.0,89,20,21,10,10,13,11,146.42,32.9,34.55,16.45,16.45,21.39,18.1
2006,5.0,Antioquia,5528121.0,2879,680,1036,206,175,456,104,52.08,12.3,18.74,3.73,3.17,8.25,1.88
2006,81.0,Arauca,222063.0,197,50,54,15,9,39,10,88.71,22.52,24.32,6.75,4.05,17.56,4.5
2006,88.0,"Archipiélago de San Andrés, Providencia y Santa Catalina",62086.0,77,10,7,3,2,2,4,124.02,16.11,11.27,4.83,3.22,3.22,6.44
2006,8.0,Atlántico,2144799.0,953,184,355,47,49,78,22,44.43,8.58,16.55,2.19,2.28,3.64,1.03
2006,11.0,"Bogotá, D.C.",6801343.0,2740,412,773,113,37,277,73,40.29,6.06,11.37,1.66,0.54,4.07,1.07
2006,13.0,Bolívar,1823338.0,687,277,270,69,72,111,20,37.68,15.19,14.81,3.78,3.95,6.09,1.1
2006,15.0,Boyacá,1145225.0,882,257,434,99,79,253,37,77.02,22.44,37.9,8.64,6.9,22.09,3.23
2006,17.0,Caldas,993337.0,833,160,240,55,57,115,26,83.86,16.11,24.16,5.54,5.74,11.58,2.62
2006,18.0,Caquetá,381752.0,331,63,66,19,22,42,9,86.71,16.5,17.29,4.98,5.76,11.0,2.36
2006,85.0,Casanare,332581.0,362,78,85,25,20,49,4,108.85,23.45,25.56,7.52,6.01,14.73,1.2
2006,19.0,Cauca,1296243.0,729,203,310,70,76,175,26,56.24,15.66,23.92,5.4,5.86,13.5,2.01
2006,20.0,Cesar,963336.0,823,212,224,69,62,85,20,85.43,22.01,23.25,7.16,6.44,8.82,2.08
2006,27.0,Chocó,414483.0,275,115,61,17,35,35,7,66.35,27.75,14.72,4.1,8.44,8.44,1.69
2006,25.0,Cundinamarca,1936056.0,1735,641,526,118,79,216,70,89.62,33.11,27.17,6.09,4.08,11.16,3.62
2006,23.0,Córdoba,1559603.0,712,183,252,53,46,98,21,45.65,11.73,16.16,3.4,2.95,6.28,1.35
2006,94.0,Guainía,31881.0,59,6,12,2,5,7,2,185.06,18.82,37.64,6.27,15.68,21.96,6.27
2006,95.0,Guaviare,73001.0,144,34,34,13,11,11,2,197.26,46.57,46.57,17.81,15.07,15.07,2.74
2006,41.0,Huila,953776.0,819,221,224,53,50,120,14,85.87,23.17,23.49,5.56,5.24,12.58,1.47
2006,44.0,La Guajira,660570.0,323,94,138,30,29,77,12,48.9,14.23,20.89,4.54,4.39,11.66,1.82
2006,47.0,Magdalena,1116037.0,521,157,225,52,71,113,23,46.68,14.07,20.16,4.66,6.36,10.13,2.06
2006,50.0,Meta,815191.0,605,173,152,41,42,70,10,74.22,21.22,18.65,5.03,5.15,8.59,1.23
2006,,Nacional,42170126.0,24945,6360,8171,1815,1546,3689,764,59.15,15.08,19.38,4.3,3.67,8.75,1.81
2006,52.0,Nariño,1525110.0,592,363,447,127,89,236,20,38.82,23.8,29.31,8.33,5.84,15.47,1.31
2006,54.0,Norte de Santander,1312357.0,856,274,205,65,67,126,18,65.23,20.88,15.62,4.95,5.11,9.6,1.37
2006,86.0,Putumayo,272524.0,327,79,69,14,15,46,8,119.99,28.99,25.32,5.14,5.5,16.88,2.94
2006,63.0,Quindío,512589.0,512,115,122,31,18,65,11,99.89,22.44,23.8,6.05,3.51,12.68,2.15
2006,66.0,Risaralda,884021.0,616,165,220,36,24,81,15,69.68,18.66,24.89,4.07,2.71,9.16,1.7
2006,68.0,Santander,1905930.0,1700,286,352,121,110,179,51,89.2,15.01,18.47,6.35,5.77,9.39,2.68
2006,70.0,Sucre,792200.0,550,194,176,44,41,64,18,69.43,24.49,22.22,5.55,5.18,8.08,2.27
2006,73.0,Tolima,1306185.0,1022,193,217,73,63,113,22,78.24,14.78,16.61,5.59,4.82,8.65,1.68
2006,76.0,Valle del Cauca,4236968.0,1875,443,842,117,73,318,68,44.25,10.46,19.87,2.76,1.72,7.51,1.6
2006,97.0,Vaupés,26658.0,28,6,3,1,1,3,1,105.03,22.51,11.25,3.75,3.75,11.25,3.75
2006,99.0,Vichada,79978.0,92,12,19,7,7,16,5,115.03,15.0,23.76,8.75,8.75,20.01,6.25
2007,91.0,Amazonas,62028.0,85,29,32,10,10,12,3,137.03,46.75,51.59,16.12,16.12,19.35,4.84
2007,5.0,Antioquia,5595180.0,3108,686,1175,212,169,491,73,55.55,12.26,21.0,3.79,3.02,8.78,1.3
2007,81.0,Arauca,223453.0,181,52,71,14,9,33,10,81.0,23.27,31.77,6.27,4.03,14.77,4.48
2007,8.0,Atlántico,2174988.0,980,193,258,54,47,91,17,45.06,8.87,11.86,2.48,2.16,4.18,0.78
2007,11.0,"Bogotá, D.C.",6884569.0,2771,378,850,108,38,284,73,40.25,5.49,12.35,1.57,0.55,4.13,1.06
2007,13.0,Bolívar,1845963.0,657,292,314,70,75,143,15,35.59,15.82,17.01,3.79,4.06,7.75,0.81
2007,15.0,Boyacá,1149909.0,882,254,431,104,79,257,29,76.7,22.09,37.48,9.04,6.87,22.35,2.52
2007,17.0,Caldas,990445.0,886,152,245,58,49,125,23,89.45,15.35,24.74,5.86,4.95,12.62,2.32
2007,18.0,Caquetá,384137.0,327,79,58,19,24,44,6,85.13,20.57,15.1,4.95,6.25,11.45,1.56
2007,85.0,Casanare,340028.0,301,76,143,26,21,50,5,88.52,22.35,42.06,7.65,6.18,14.7,1.47
2007,19.0,Cauca,1310940.0,650,244,283,58,69,154,17,49.58,18.61,21.59,4.42,5.26,11.75,1.3
2007,20.0,Cesar,978523.0,812,180,253,72,56,86,15,82.98,18.4,25.86,7.36,5.72,8.79,1.53
2007,27.0,Chocó,426077.0,275,113,59,16,35,36,6,64.54,26.52,13.85,3.76,8.21,8.45,1.41
2007,25.0,Cundinamarca,1975124.0,1713,360,537,110,68,235,62,86.73,18.23,27.19,5.57,3.44,11.9,3.14
2007,23.0,Córdoba,1579557.0,741,149,279,55,45,109,15,46.91,9.43,17.66,3.48,2.85,6.9,0.95
2007,94.0,Guainía,33073.0,59,6,11,4,5,8,3,178.39,18.14,33.26,12.09,15.12,24.19,9.07
2007,95.0,Guaviare,72829.0,142,16,31,13,11,11,2,194.98,21.97,42.57,17.85,15.1,15.1,2.75
2007,41.0,Huila,965725.0,799,255,235,59,50,146,13,82.74,26.41,24.33,6.11,5.18,15.12,1.35
2007,44.0,La Guajira,675638.0,340,108,137,49,28,68,13,50.32,15.98,20.28,7.25,4.14,10.06,1.92
2007,47.0,Magdalena,1134297.0,631,166,217,57,69,113,17,55.63,14.63,19.13,5.03,6.08,9.96,1.5
2007,50.0,Meta,836039.0,613,160,153,47,40,71,10,73.32,19.14,18.3,5.62,4.78,8.49,1.2
2007,,Nacional,42596590.0,25121,6010,8516,1834,1511,3861,636,58.97,14.11,19.99,4.31,3.55,9.06,1.49
2007,52.0,Nariño,1538254.0,692,396,427,115,89,245,19,44.99,25.74,27.76,7.48,5.79,15.93,1.24
2007,54.0,Norte de Santander,1326434.0,847,243,227,68,73,121,15,63.86,18.32,17.11,5.13,5.5,9.12,1.13
2007,86.0,Putumayo,278737.0,331,74,74,14,16,38,9,118.75,26.55,26.55,5.02,5.74,13.63,3.23
2007,63.0,Quindío,513802.0,498,101,134,30,16,67,10,96.92,19.66,26.08,5.84,3.11,13.04,1.95
2007,66.0,Risaralda,889400.0,626,186,217,39,26,84,14,70.38,20.91,24.4,4.38,2.92,9.44,1.57
2007,68.0,Santander,1929120.0,1635,232,366,113,108,176,45,84.75,12.03,18.97,5.86,5.6,9.12,2.33
2007,70.0,Sucre,800848.0,567,171,183,46,42,67,8,70.8,21.35,22.85,5.74,5.24,8.37,1.0
2007,73.0,Tolima,1307950.0,1033,181,292,71,60,111,19,78.98,13.84,22.33,5.43,4.59,8.49,1.45
2007,76.0,Valle del Cauca,4263327.0,1819,460,801,115,76,365,64,42.67,10.79,18.79,2.7,1.78,8.56,1.5
2007,97.0,Vaupés,27881.0,28,6,4,1,1,4,1,100.43,21.52,14.35,3.59,3.59,14.35,3.59
2007,99.0,Vichada,82315.0,92,12,19,7,7,16,5,111.77,14.58,23.08,8.5,8.5,19.44,6.07
2008,91.0,Amazonas,63291.0,89,29,31,18,9,18,11,140.62,45.82,48.98,28.44,14.22,28.44,17.38
2008,5.0,Antioquia,5662099.0,3100,738,1021,220,169,435,73,54.75,13.03,18.03,3.89,2.98,7.68,1.29
2008,81.0,Arauca,224996.0,188,46,70,14,9,32,9,83.56,20.44,31.11,6.22,4.0,14.22,4.0
2008,8.0,Atlántico,2204364.0,684,133,179,36,33,64,11,31.03,6.03,8.12,1.63,1.5,2.9,0.5
2008,11.0,"Bogotá, D.C.",6960512.0,2786,376,803,118,38,283,68,40.03,5.4,11.54,1.7,0.55,4.07,0.98
2008,13.0,Bolívar,1867503.0,610,291,327,78,72,148,19,32.66,15.58,17.51,4.18,3.86,7.93,1.02
2008,15.0,Boyacá,1154747.0,856,232,458,414,69,1522,26,74.13,20.09,39.66,35.85,5.98,131.8,2.25
2008,17.0,Caldas,987759.0,937,160,258,59,47,137,20,94.86,16.2,26.12,5.97,4.76,13.87,2.02
2008,18.0,Caquetá,386392.0,335,94,96,17,19,38,6,86.7,24.33,24.85,4.4,4.92,9.83,1.55
2008,85.0,Casanare,347362.0,297,91,132,26,21,45,3,85.5,26.2,38.0,7.48,6.05,12.95,0.86
2008,19.0,Cauca,1325083.0,635,248,297,60,68,170,17,47.92,18.72,22.41,4.53,5.13,12.83,1.28
2008,20.0,Cesar,994256.0,763,207,215,60,55,78,15,76.74,20.82,21.62,6.03,5.53,7.85,1.51
2008,27.0,Chocó,437434.0,313,123,58,15,37,37,7,71.55,28.12,13.26,3.43,8.46,8.46,1.6
2008,25.0,Cundinamarca,2021042.0,1525,340,481,104,64,192,59,75.46,16.82,23.8,5.15,3.17,9.5,2.92
2008,23.0,Córdoba,1599129.0,742,150,268,57,47,108,15,46.4,9.38,16.76,3.56,2.94,6.75,0.94
2008,94.0,Guainía,34294.0,42,6,10,1,2,5,2,122.47,17.5,29.16,2.92,5.83,14.58,5.83
2008,95.0,Guaviare,72786.0,142,38,27,13,11,11,2,195.09,52.21,37.1,17.86,15.11,15.11,2.75
2008,41.0,Huila,977528.0,728,258,257,62,49,152,14,74.47,26.39,26.29,6.34,5.01,15.55,1.43
2008,44.0,La Guajira,691093.0,358,113,164,35,30,67,13,51.8,16.35,23.73,5.06,4.34,9.69,1.88
2008,47.0,Magdalena,1152422.0,697,174,222,57,63,110,13,60.48,15.1,19.26,4.95,5.47,9.55,1.13
2008,50.0,Meta,856385.0,629,172,152,44,35,70,9,73.45,20.08,17.75,5.14,4.09,8.17,1.05
2008,,Nacional,43072046.0,24882,6270,8478,2133,1463,5063,614,57.77,14.56,19.68,4.95,3.4,11.75,1.43
2008,52.0,Nariño,1549573.0,673,425,451,103,90,243,19,43.43,27.43,29.1,6.65,5.81,15.68,1.23
2008,54.0,Norte de Santander,1339682.0,863,263,215,68,71,123,15,64.42,19.63,16.05,5.08,5.3,9.18,1.12
2008,86.0,Putumayo,284917.0,282,93,77,16,12,43,9,98.98,32.64,27.03,5.62,4.21,15.09,3.16
2008,63.0,Quindío,514725.0,524,108,150,34,18,73,12,101.8,20.98,29.14,6.61,3.5,14.18,2.33
2008,66.0,Risaralda,893797.0,622,184,231,40,26,87,15,69.59,20.59,25.84,4.48,2.91,9.73,1.68
2008,68.0,Santander,1951797.0,1709,273,399,116,109,195,33,87.56,13.99,20.44,5.94,5.58,9.99,1.69
2008,70.0,Sucre,809414.0,589,191,181,46,46,63,8,72.77,23.6,22.36,5.68,5.68,7.78,0.99
2008,73.0,Tolima,1309513.0,1070,191,338,72,60,113,18,81.71,14.59,25.81,5.5,4.58,8.63,1.37
2008,76.0,Valle del Cauca,4284375.0,2004,506,888,125,75,381,67,46.77,11.81,20.73,2.92,1.75,8.89,1.56
2008,97.0,Vaupés,29123.0,17,6,4,1,1,4,1,58.37,20.6,13.73,3.43,3.43,13.73,3.43
2008,99.0,Vichada,84653.0,73,11,18,4,8,16,5,86.23,12.99,21.26,4.73,9.45,18.9,5.91
2009,91.0,Amazonas,64616.0,89,24,13,10,10,14,3,137.74,37.14,20.12,15.48,15.48,21.67,4.64
2009,5.0,Antioquia,5730377.0,3240,908,1247,218,171,483,76,56.54,15.85,21.76,3.8,2.98,8.43,1.33
2009,81.0,Arauca,226705.0,191,52,72,15,10,38,6,84.25,22.94,31.76,6.62,4.41,16.76,2.65
2009,8.0,Atlántico,2233274.0,644,142,178,41,34,70,11,28.84,6.36,7.97,1.84,1.52,3.13,0.49
2009,11.0,"Bogotá, D.C.",7031399.0,2897,423,940,122,37,280,74,41.2,6.02,13.37,1.74,0.53,3.98,1.05
2009,13.0,Bolívar,1888156.0,618,348,359,82,75,155,17,32.73,18.43,19.01,4.34,3.97,8.21,0.9
2009,15.0,Boyacá,1159850.0,842,231,471,120,62,260,25,72.6,19.92,40.61,10.35,5.35,22.42,2.16
2009,17.0,Caldas,985640.0,901,157,258,58,46,140,20,91.41,15.93,26.18,5.88,4.67,14.2,2.03
2009,18.0,Caquetá,388552.0,322,73,65,21,18,35,6,82.87,18.79,16.73,5.4,4.63,9.01,1.54
2009,85.0,Casanare,354621.0,182,71,121,27,21,42,4,51.32,20.02,34.12,7.61,5.92,11.84,1.13
2009,19.0,Cauca,1339006.0,625,251,314,63,70,173,18,46.68,18.75,23.45,4.7,5.23,12.92,1.34
2009,20.0,Cesar,1010507.0,735,203,260,54,51,78,14,72.74,20.09,25.73,5.34,5.05,7.72,1.39
2009,27.0,Chocó,448554.0,240,75,31,9,11,14,6,53.51,16.72,6.91,2.01,2.45,3.12,1.34
2009,25.0,Cundinamarca,2074250.0,1388,327,500,100,58,198,53,66.92,15.76,24.11,4.82,2.8,9.55,2.56
2009,23.0,Córdoba,1618376.0,893,160,270,59,47,107,15,55.18,9.89,16.68,3.65,2.9,6.61,0.93
2009,95.0,Guaviare,72900.0,142,28,27,13,11,11,2,194.79,38.41,37.04,17.83,15.09,15.09,2.74
2009,41.0,Huila,989375.0,840,286,258,66,53,783,14,84.9,28.91,26.08,6.67,5.36,79.14,1.42
2009,44.0,La Guajira,706943.0,387,136,196,38,34,78,15,54.74,19.24,27.73,5.38,4.81,11.03,2.12
2009,47.0,Magdalena,1170386.0,719,207,244,67,70,114,13,61.43,17.69,20.85,5.72,5.98,9.74,1.11
2009,50.0,Meta,876363.0,638,182,170,43,35,59,9,72.8,20.77,19.4,4.91,3.99,6.73,1.03
2009,,Nacional,43511221.0,25087,6664,9060,1865,1431,4477,599,57.66,15.32,20.82,4.29,3.29,10.29,1.38
2009,52.0,Nariño,1559747.0,708,393,489,103,88,257,18,45.39,25.2,31.35,6.6,5.64,16.48,1.15
2009,54.0,Norte de Santander,1352231.0,1024,312,220,67,71,120,19,75.73,23.07,16.27,4.95,5.25,8.87,1.41
2009,86.0,Putumayo,291199.0,201,60,72,12,11,45,5,69.02,20.6,24.73,4.12,3.78,15.45,1.72
2009,63.0,Quindío,515805.0,512,126,169,36,16,70,12,99.26,24.43,32.76,6.98,3.1,13.57,2.33
2009,66.0,Risaralda,898126.0,648,170,263,39,27,88,16,72.15,18.93,29.28,4.34,3.01,9.8,1.78
2009,68.0,Santander,1974226.0,1696,326,432,119,109,186,32,85.91,16.51,21.88,6.03,5.52,9.42,1.62
2009,70.0,Sucre,817937.0,535,221,187,50,44,63,8,65.41,27.02,22.86,6.11,5.38,7.7,0.98
2009,73.0,Tolima,1311076.0,1096,259,342,77,62,112,18,83.6,19.75,26.09,5.87,4.73,8.54,1.37
2009,76.0,Valle del Cauca,4303639.0,2039,496,870,128,68,384,64,47.38,11.53,20.22,2.97,1.58,8.92,1.49
2009,97.0,Vaupés,30394.0,14,6,5,3,3,5,1,46.06,19.74,16.45,9.87,9.87,16.45,3.29
2009,99.0,Vichada,86991.0,81,11,17,5,8,15,5,93.11,12.64,19.54,5.75,9.2,17.24,5.75
2010,91.0,Amazonas,65991.0,89,24,13,10,10,14,3,134.87,36.37,19.7,15.15,15.15,21.22,4.55
2010,5.0,Antioquia,5800160.0,3264,805,1229,220,166,489,70,56.27,13.88,21.19,3.79,2.86,8.43,1.21
2010,81.0,Arauca,228513.0,213,64,83,14,10,31,5,93.21,28.01,36.32,6.13,4.38,13.57,2.19
2010,8.0,Atlántico,2261656.0,685,142,182,39,36,73,12,30.29,6.28,8.05,1.72,1.59,3.23,0.53
2010,11.0,"Bogotá, D.C.",7096886.0,2799,447,991,123,37,276,73,39.44,6.3,13.96,1.73,0.52,3.89,1.03
2010,13.0,Bolívar,1907930.0,622,333,364,81,76,150,13,32.6,17.45,19.08,4.25,3.98,7.86,0.68
2010,15.0,Boyacá,1165204.0,815,218,473,99,57,250,24,69.94,18.71,40.59,8.5,4.89,21.46,2.06
2010,17.0,Caldas,984304.0,894,186,260,57,45,133,19,90.83,18.9,26.41,5.79,4.57,13.51,1.93
2010,18.0,Caquetá,390645.0,283,78,60,20,19,35,6,72.44,19.97,15.36,5.12,4.86,8.96,1.54
2010,85.0,Casanare,361824.0,261,108,102,29,21,44,4,72.13,29.85,28.19,8.01,5.8,12.16,1.11
2010,19.0,Cauca,1352942.0,627,252,315,64,74,172,20,46.34,18.63,23.28,4.73,5.47,12.71,1.48
2010,20.0,Cesar,1027089.0,757,216,214,55,58,77,15,73.7,21.03,20.84,5.35,5.65,7.5,1.46
2010,27.0,Chocó,459453.0,233,70,29,6,7,10,4,50.71,15.24,6.31,1.31,1.52,2.18,0.87
2010,25.0,Cundinamarca,2134776.0,1538,362,568,104,64,225,51,72.05,16.96,26.61,4.87,3.0,10.54,2.39
2010,23.0,Córdoba,1637310.0,736,229,283,61,48,126,14,44.95,13.99,17.28,3.73,2.93,7.7,0.86
2010,95.0,Guaviare,73194.0,142,39,30,13,11,10,2,194.0,53.28,40.99,17.76,15.03,13.66,2.73
2010,41.0,Huila,1001372.0,836,310,237,67,49,136,14,83.49,30.96,23.67,6.69,4.89,13.58,1.4
2010,44.0,La Guajira,722913.0,379,158,221,37,35,88,15,52.43,21.86,30.57,5.12,4.84,12.17,2.07
2010,47.0,Magdalena,1188000.0,750,242,277,69,76,112,15,63.13,20.37,23.32,5.81,6.4,9.43,1.26
2010,50.0,Meta,896034.0,716,180,211,47,36,63,10,79.91,20.09,23.55,5.25,4.02,7.03,1.12
2010,,Nacional,43987712.0,25050,6988,9139,1863,1443,3863,584,56.95,15.89,20.78,4.24,3.28,8.78,1.33
2010,52.0,Nariño,1569413.0,657,439,479,107,95,266,14,41.86,27.97,30.52,6.82,6.05,16.95,0.89
2010,54.0,Norte de Santander,1363889.0,851,321,223,73,69,121,17,62.4,23.54,16.35,5.35,5.06,8.87,1.25
2010,86.0,Putumayo,297600.0,221,65,73,12,11,39,5,74.26,21.84,24.53,4.03,3.7,13.1,1.68
2010,63.0,Quindío,517347.0,523,139,159,34,15,71,10,101.09,26.87,30.73,6.57,2.9,13.72,1.93
2010,66.0,Risaralda,902994.0,658,186,264,39,24,89,16,72.87,20.6,29.24,4.32,2.66,9.86,1.77
2010,68.0,Santander,1996352.0,1636,318,395,115,104,177,30,81.95,15.93,19.79,5.76,5.21,8.87,1.5
2010,70.0,Sucre,826411.0,542,230,197,44,45,61,8,65.58,27.83,23.84,5.32,5.45,7.38,0.97
2010,73.0,Tolima,1312768.0,1266,284,383,86,65,124,21,96.44,21.63,29.17,6.55,4.95,9.45,1.6
2010,76.0,Valle del Cauca,4323751.0,1962,526,803,132,69,382,67,45.38,12.17,18.57,3.05,1.6,8.83,1.55
2010,97.0,Vaupés,31677.0,14,6,4,1,3,4,2,44.2,18.94,12.63,3.16,9.47,12.63,6.31
2010,99.0,Vichada,89314.0,81,11,17,5,8,15,5,90.69,12.32,19.03,5.6,8.96,16.79,5.6
2011,91.0,Amazonas,67361.0,85,26,13,2,10,12,2,126.19,38.6,19.3,2.97,14.85,17.81,2.97
2011,5.0,Antioquia,5869191.0,3321,898,1100,226,162,495,73,56.58,15.3,18.74,3.85,2.76,8.43,1.24
2011,81.0,Arauca,230349.0,211,63,82,16,10,32,6,91.6,27.35,35.6,6.95,4.34,13.89,2.6
2011,8.0,Atlántico,2288947.0,673,152,181,40,33,70,13,29.4,6.64,7.91,1.75,1.44,3.06,0.57
2011,11.0,"Bogotá, D.C.",7152656.0,3006,472,1016,132,36,274,75,42.03,6.6,14.2,1.85,0.5,3.83,1.05
2011,13.0,Bolívar,1926597.0,695,372,363,94,69,144,18,36.07,19.31,18.84,4.88,3.58,7.47,0.93
2011,15.0,Boyacá,1170640.0,855,211,474,103,59,253,23,73.04,18.02,40.49,8.8,5.04,21.61,1.96
2011,17.0,Caldas,983498.0,827,165,268,55,45,131,17,84.09,16.78,27.25,5.59,4.58,13.32,1.73
2011,18.0,Caquetá,392611.0,290,78,67,21,19,32,4,73.86,19.87,17.07,5.35,4.84,8.15,1.02
2011,85.0,Casanare,368912.0,313,104,129,29,21,43,3,84.84,28.19,34.97,7.86,5.69,11.66,0.81
2011,19.0,Cauca,1366758.0,683,271,321,63,72,189,17,49.97,19.83,23.49,4.61,5.27,13.83,1.24
2011,20.0,Cesar,1043754.0,770,269,248,57,54,80,16,73.77,25.77,23.76,5.46,5.17,7.66,1.53
2011,27.0,Chocó,470087.0,224,47,34,6,7,9,4,47.65,10.0,7.23,1.28,1.49,1.91,0.85
2011,25.0,Cundinamarca,2202092.0,1646,384,543,100,63,224,51,74.75,17.44,24.66,4.54,2.86,10.17,2.32
2011,23.0,Córdoba,1655818.0,813,326,295,69,51,130,14,49.1,19.69,17.82,4.17,3.08,7.85,0.85
2011,94.0,Guainía,38072.0,57,8,13,4,5,10,3,149.72,21.01,34.15,10.51,13.13,26.27,7.88
2011,95.0,Guaviare,73652.0,139,35,26,13,11,11,2,188.73,47.52,35.3,17.65,14.94,14.94,2.72
2011,41.0,Huila,1013418.0,903,399,261,68,50,161,20,89.1,39.37,25.75,6.71,4.93,15.89,1.97
2011,44.0,La Guajira,738743.0,336,156,222,35,33,88,12,45.48,21.12,30.05,4.74,4.47,11.91,1.62
2011,47.0,Magdalena,1204977.0,775,251,290,67,70,109,16,64.32,20.83,24.07,5.56,5.81,9.05,1.33
2011,50.0,Meta,915277.0,731,186,202,48,34,64,9,79.87,20.32,22.07,5.24,3.71,6.99,0.98
2011,,Nacional,44491705.0,26601,7510,9566,1956,1434,3970,595,59.79,16.88,21.5,4.4,3.22,8.92,1.34
2011,52.0,Nariño,1578559.0,704,456,493,113,95,263,16,44.6,28.89,31.23,7.16,6.02,16.66,1.01
2011,54.0,Norte de Santander,1374254.0,889,294,222,74,68,124,12,64.69,21.39,16.15,5.38,4.95,9.02,0.87
2011,86.0,Putumayo,303929.0,237,63,72,12,9,37,5,77.98,20.73,23.69,3.95,2.96,12.17,1.65
2011,63.0,Quindío,519089.0,531,160,164,35,16,69,10,102.29,30.82,31.59,6.74,3.08,13.29,1.93
2011,66.0,Risaralda,907896.0,643,188,263,39,22,83,14,70.82,20.71,28.97,4.3,2.42,9.14,1.54
2011,68.0,Santander,2017680.0,1581,338,410,115,102,181,28,78.36,16.75,20.32,5.7,5.06,8.97,1.39
2011,70.0,Sucre,834736.0,610,211,200,45,42,65,9,73.08,25.28,23.96,5.39,5.03,7.79,1.08
2011,73.0,Tolima,1314479.0,2044,375,689,133,90,186,32,155.5,28.53,52.42,10.12,6.85,14.15,2.43
2011,76.0,Valle del Cauca,4343131.0,1918,535,884,132,68,388,65,44.16,12.32,20.35,3.04,1.57,8.93,1.5
2011,97.0,Vaupés,32940.0,14,6,5,3,3,5,1,42.5,18.21,15.18,9.11,9.11,15.18,3.04
2011,99.0,Vichada,91602.0,77,11,16,7,5,8,5,84.06,12.01,17.47,7.64,5.46,8.73,5.46
2012,91.0,Amazonas,68681.0,88,26,31,7,10,12,2,128.13,37.86,45.14,10.19,14.56,17.47,2.91
2012,5.0,Antioquia,5935916.0,3245,937,1275,223,158,506,76,54.67,15.79,21.48,3.76,2.66,8.52,1.28
2012,81.0,Arauca,232316.0,217,76,78,16,9,35,8,93.41,32.71,33.57,6.89,3.87,15.07,3.44
2012,8.0,Atlántico,2315361.0,665,172,180,38,32,72,13,28.72,7.43,7.77,1.64,1.38,3.11,0.56
2012,11.0,"Bogotá, D.C.",7195980.0,3004,476,1060,126,36,279,72,41.75,6.61,14.73,1.75,0.5,3.88,1.0
2012,13.0,Bolívar,1944299.0,871,370,392,102,76,166,20,44.8,19.03,20.16,5.25,3.91,8.54,1.03
2012,15.0,Boyacá,1176069.0,848,216,488,1478,54,252,24,72.1,18.37,41.49,125.67,4.59,21.43,2.04
2012,17.0,Caldas,982904.0,805,176,250,58,41,133,18,81.9,17.91,25.43,5.9,4.17,13.53,1.83
2012,18.0,Caquetá,394379.0,299,99,67,23,19,33,3,75.82,25.1,16.99,5.83,4.82,8.37,0.76
2012,85.0,Casanare,375872.0,299,104,106,29,21,38,3,79.55,27.67,28.2,7.72,5.59,10.11,0.8
2012,19.0,Cauca,1380257.0,718,267,311,62,72,194,19,52.02,19.34,22.53,4.49,5.22,14.06,1.38
2012,20.0,Cesar,1060658.0,763,240,242,62,54,79,16,71.94,22.63,22.82,5.85,5.09,7.45,1.51
2012,27.0,Chocó,480391.0,239,73,34,8,8,11,2,49.75,15.2,7.08,1.67,1.67,2.29,0.42
2012,25.0,Cundinamarca,2276097.0,1701,404,653,103,60,252,53,74.73,17.75,28.69,4.53,2.64,11.07,2.33
2012,23.0,Córdoba,1673891.0,805,334,324,70,55,128,14,48.09,19.95,19.36,4.18,3.29,7.65,0.84
2012,94.0,Guainía,39354.0,57,8,13,4,5,10,3,144.84,20.33,33.03,10.16,12.71,25.41,7.62
2012,95.0,Guaviare,74281.0,121,36,33,13,5,12,2,162.89,48.46,44.43,17.5,6.73,16.15,2.69
2012,41.0,Huila,1025384.0,992,290,269,70,46,179,19,96.74,28.28,26.23,6.83,4.49,17.46,1.85
2012,44.0,La Guajira,754574.0,411,163,231,39,35,85,12,54.47,21.6,30.61,5.17,4.64,11.26,1.59
2012,47.0,Magdalena,1221419.0,771,215,229,64,72,115,15,63.12,17.6,18.75,5.24,5.89,9.42,1.23
2012,50.0,Meta,933966.0,673,195,204,49,36,66,9,72.06,20.88,21.84,5.25,3.85,7.07,0.96
2012,,Nacional,44939938.0,26025,7456,9560,3327,1401,4045,619,57.91,16.59,21.27,7.4,3.12,9.0,1.38
2012,52.0,Nariño,1586945.0,697,469,504,111,89,269,17,43.92,29.55,31.76,6.99,5.61,16.95,1.07
2012,54.0,Norte de Santander,1383705.0,834,280,229,80,67,123,12,60.27,20.24,16.55,5.78,4.84,8.89,0.87
2012,86.0,Putumayo,310027.0,283,88,77,15,11,40,6,91.28,28.38,24.84,4.84,3.55,12.9,1.94
2012,63.0,Quindío,520697.0,539,146,158,33,17,76,10,103.52,28.04,30.34,6.34,3.26,14.6,1.92
2012,66.0,Risaralda,912087.0,647,194,281,45,22,87,14,70.94,21.27,30.81,4.93,2.41,9.54,1.53
2012,68.0,Santander,2038122.0,1610,352,392,119,102,177,29,78.99,17.27,19.23,5.84,5.0,8.68,1.42
2012,70.0,Sucre,842950.0,609,192,209,44,46,66,9,72.25,22.78,24.79,5.22,5.46,7.83,1.07
2012,73.0,Tolima,1316054.0,1262,267,313,91,63,121,22,95.89,20.29,23.78,6.91,4.79,9.19,1.67
2012,76.0,Valle del Cauca,4359288.0,1869,573,904,134,70,418,94,42.87,13.14,20.74,3.07,1.61,9.59,2.16
2012,97.0,Vaupés,34165.0,14,6,5,3,3,5,1,40.98,17.56,14.63,8.78,8.78,14.63,2.93
2012,99.0,Vichada,93849.0,69,12,18,8,7,6,2,73.52,12.79,19.18,8.52,7.46,6.39,2.13
2013,91.0,Amazonas,69953.0,96,30,27,10,9,11,2,137.24,42.89,38.6,14.3,12.87,15.72,2.86
2013,5.0,Antioquia,6001151.0,3184,937,1119,206,154,492,65,53.06,15.61,18.65,3.43,2.57,8.2,1.08
2013,81.0,Arauca,234529.0,281,82,81,16,9,30,8,119.81,34.96,34.54,6.82,3.84,12.79,3.41
2013,8.0,Atlántico,2341335.0,689,185,207,44,32,76,14,29.43,7.9,8.84,1.88,1.37,3.25,0.6
2013,11.0,"Bogotá, D.C.",7228427.0,3092,510,1062,128,35,269,70,42.78,7.06,14.69,1.77,0.48,3.72,0.97
2013,13.0,Bolívar,1961250.0,897,395,400,95,69,163,19,45.74,20.14,20.4,4.84,3.52,8.31,0.97
2013,15.0,Boyacá,1181580.0,862,213,497,88,49,241,24,72.95,18.03,42.06,7.45,4.15,20.4,2.03
2013,17.0,Caldas,982563.0,685,174,270,63,43,133,18,69.72,17.71,27.48,6.41,4.38,13.54,1.83
2013,18.0,Caquetá,395947.0,301,95,67,22,18,31,3,76.02,23.99,16.92,5.56,4.55,7.83,0.76
2013,85.0,Casanare,382735.0,271,120,112,28,21,42,2,70.81,31.35,29.26,7.32,5.49,10.97,0.52
2013,19.0,Cauca,1393465.0,737,280,271,62,63,179,18,52.89,20.09,19.45,4.45,4.52,12.85,1.29
2013,20.0,Cesar,1078033.0,756,230,263,64,53,86,15,70.13,21.34,24.4,5.94,4.92,7.98,1.39
2013,27.0,Chocó,490338.0,213,79,37,9,9,11,3,43.44,16.11,7.55,1.84,1.84,2.24,0.61
2013,25.0,Cundinamarca,2357339.0,1747,406,638,104,62,258,52,74.11,17.22,27.06,4.41,2.63,10.94,2.21
2013,23.0,Córdoba,1691609.0,757,321,345,72,42,119,14,44.75,18.98,20.39,4.26,2.48,7.03,0.83
2013,94.0,Guainía,40638.0,54,6,7,4,4,9,2,132.88,14.76,17.23,9.84,9.84,22.15,4.92
2013,95.0,Guaviare,75092.0,117,35,28,11,5,9,2,155.81,46.61,37.29,14.65,6.66,11.99,2.66
2013,41.0,Huila,1037252.0,1002,353,278,72,45,172,17,96.6,34.03,26.8,6.94,4.34,16.58,1.64
2013,44.0,La Guajira,770616.0,437,177,247,42,31,91,11,56.71,22.97,32.05,5.45,4.02,11.81,1.43
2013,47.0,Magdalena,1237543.0,756,223,312,69,70,121,18,61.09,18.02,25.21,5.58,5.66,9.78,1.45
2013,50.0,Meta,952101.0,671,170,276,50,35,75,9,70.48,17.86,28.99,5.25,3.68,7.88,0.95
2013,,Nacional,45373399.0,26013,7733,9862,1947,1340,4011,561,57.33,17.04,21.74,4.29,2.95,8.84,1.24
2013,52.0,Nariño,1594354.0,687,518,544,111,85,282,17,43.09,32.49,34.12,6.96,5.33,17.69,1.07
2013,54.0,Norte de Santander,1392708.0,826,269,233,78,68,124,14,59.31,19.31,16.73,5.6,4.88,8.9,1.01
2013,86.0,Putumayo,315941.0,363,109,85,18,13,48,9,114.89,34.5,26.9,5.7,4.11,15.19,2.85
2013,63.0,Quindío,522157.0,533,170,188,34,17,75,10,102.08,32.56,36.0,6.51,3.26,14.36,1.92
2013,66.0,Risaralda,915413.0,646,199,294,42,21,93,14,70.57,21.74,32.12,4.59,2.29,10.16,1.53
2013,68.0,Santander,2057952.0,1570,389,406,121,94,173,29,76.29,18.9,19.73,5.88,4.57,8.41,1.41
2013,70.0,Sucre,851157.0,633,210,226,42,44,62,10,74.37,24.67,26.55,4.93,5.17,7.28,1.17
2013,73.0,Tolima,1317507.0,1261,325,330,94,62,121,18,95.71,24.67,25.05,7.13,4.71,9.18,1.37
2013,76.0,Valle del Cauca,4371304.0,1785,511,985,137,67,400,51,40.83,11.69,22.53,3.13,1.53,9.15,1.17
2013,97.0,Vaupés,35353.0,14,6,5,3,3,5,1,39.6,16.97,14.14,8.49,8.49,14.14,2.83
2013,99.0,Vichada,96057.0,90,6,22,8,8,10,2,93.69,6.25,22.9,8.33,8.33,10.41,2.08
2014,91.0,Amazonas,71215.0,86,36,27,10,9,11,2,120.76,50.55,37.91,14.04,12.64,15.45,2.81
2014,5.0,Antioquia,6066806.0,3305,923,1300,226,150,485,67,54.48,15.21,21.43,3.73,2.47,7.99,1.1
2014,81.0,Arauca,236931.0,283,84,120,17,9,29,11,119.44,35.45,50.65,7.18,3.8,12.24,4.64
2014,8.0,Atlántico,2366899.0,687,185,211,42,33,81,14,29.03,7.82,8.91,1.77,1.39,3.42,0.59
2014,11.0,"Bogotá, D.C.",7252949.0,3051,539,965,126,33,261,72,42.07,7.43,13.3,1.74,0.45,3.6,0.99
2014,13.0,Bolívar,1977478.0,930,394,409,97,66,167,18,47.03,19.92,20.68,4.91,3.34,8.45,0.91
2014,15.0,Boyacá,1187249.0,885,209,494,72,48,234,24,74.54,17.6,41.61,6.06,4.04,19.71,2.02
2014,17.0,Caldas,982933.0,679,179,272,63,42,130,19,69.08,18.21,27.67,6.41,4.27,13.23,1.93
2014,18.0,Caquetá,397383.0,331,97,79,22,21,32,4,83.29,24.41,19.88,5.54,5.28,8.05,1.01
2014,85.0,Casanare,389511.0,334,135,94,28,21,44,3,85.75,34.66,24.13,7.19,5.39,11.3,0.77
2014,19.0,Cauca,1406735.0,753,304,255,65,61,196,16,53.53,21.61,18.13,4.62,4.34,13.93,1.14
2014,20.0,Cesar,1095719.0,780,234,268,64,50,88,15,71.19,21.36,24.46,5.84,4.56,8.03,1.37
2014,27.0,Chocó,499946.0,237,84,37,9,9,12,3,47.41,16.8,7.4,1.8,1.8,2.4,0.6
2014,25.0,Cundinamarca,2446138.0,1691,429,659,104,61,274,52,69.13,17.54,26.94,4.25,2.49,11.2,2.13
2014,23.0,Córdoba,1709003.0,769,334,337,72,43,127,13,45.0,19.54,19.72,4.21,2.52,7.43,0.76
2014,94.0,Guainía,41946.0,48,6,7,3,4,5,2,114.43,14.3,16.69,7.15,9.54,11.92,4.77
2014,95.0,Guaviare,76101.0,106,39,29,6,4,11,2,139.29,51.25,38.11,7.88,5.26,14.45,2.63
2014,41.0,Huila,1049215.0,984,449,302,71,45,165,17,93.78,42.79,28.78,6.77,4.29,15.73,1.62
2014,44.0,La Guajira,786618.0,445,189,244,43,32,97,16,56.57,24.03,31.02,5.47,4.07,12.33,2.03
2014,47.0,Magdalena,1253211.0,794,226,316,71,68,120,17,63.36,18.03,25.22,5.67,5.43,9.58,1.36
2014,50.0,Meta,969808.0,663,194,286,56,35,75,9,68.36,20.0,29.49,5.77,3.61,7.73,0.93
2014,,Nacional,45804547.0,26009,8068,9897,1939,1309,4063,565,56.78,17.61,21.61,4.23,2.86,8.87,1.23
2014,52.0,Nariño,1601466.0,715,500,531,90,84,292,18,44.65,31.22,33.16,5.62,5.25,18.23,1.12
2014,54.0,Norte de Santander,1401015.0,815,281,239,80,70,124,15,58.17,20.06,17.06,5.71,5.0,8.85,1.07
2014,86.0,Putumayo,321850.0,312,119,79,21,10,54,8,96.94,36.97,24.55,6.52,3.11,16.78,2.49
2014,63.0,Quindío,523970.0,537,148,162,35,14,75,8,102.49,28.25,30.92,6.68,2.67,14.31,1.53
2014,66.0,Risaralda,918965.0,689,203,269,42,21,96,14,74.98,22.09,29.27,4.57,2.29,10.45,1.52
2014,68.0,Santander,2077348.0,1477,377,411,127,94,177,27,71.1,18.15,19.78,6.11,4.53,8.52,1.3
2014,70.0,Sucre,859324.0,608,243,194,40,41,66,10,70.75,28.28,22.58,4.65,4.77,7.68,1.16
2014,73.0,Tolima,1319060.0,1134,358,323,87,59,120,17,85.97,27.14,24.49,6.6,4.47,9.1,1.29
2014,76.0,Valle del Cauca,4383018.0,1775,555,954,140,63,403,50,40.5,12.66,21.77,3.19,1.44,9.19,1.14
2014,97.0,Vaupés,36509.0,14,6,5,3,3,5,1,38.35,16.43,13.7,8.22,8.22,13.7,2.74
2014,99.0,Vichada,98228.0,92,9,19,7,6,7,1,93.66,9.16,19.34,7.13,6.11,7.13,1.02
2015,91.0,Amazonas,72485.0,86,36,27,10,9,11,2,118.65,49.67,37.25,13.8,12.42,15.18,2.76
2015,5.0,Antioquia,6134953.0,3777,986,1236,225,148,494,65,61.57,16.07,20.15,3.67,2.41,8.05,1.06
2015,81.0,Arauca,239772.0,328,77,116,16,9,25,11,136.8,32.11,48.38,6.67,3.75,10.43,4.59
2015,8.0,Atlántico,2393557.0,692,199,175,47,33,83,13,28.91,8.31,7.31,1.96,1.38,3.47,0.54
2015,11.0,"Bogotá, D.C.",7273265.0,3216,580,1011,132,33,255,74,44.22,7.97,13.9,1.81,0.45,3.51,1.02
2015,13.0,Bolívar,1993760.0,962,443,448,104,68,157,18,48.25,22.22,22.47,5.22,3.41,7.87,0.9
2015,15.0,Boyacá,1193206.0,903,220,480,69,44,218,25,75.68,18.44,40.23,5.78,3.69,18.27,2.1
2015,17.0,Caldas,984360.0,743,177,284,63,37,131,15,75.48,17.98,28.85,6.4,3.76,13.31,1.52
2015,18.0,Caquetá,398725.0,334,102,83,24,20,31,4,83.77,25.58,20.82,6.02,5.02,7.77,1.0
2015,85.0,Casanare,396320.0,301,183,98,36,21,42,6,75.95,46.17,24.73,9.08,5.3,10.6,1.51
2015,19.0,Cauca,1420313.0,763,313,245,66,59,187,13,53.72,22.04,17.25,4.65,4.15,13.17,0.92
2015,20.0,Cesar,1114269.0,721,204,266,61,48,89,13,64.71,18.31,23.87,5.47,4.31,7.99,1.17
2015,27.0,Chocó,509240.0,239,94,34,12,9,13,3,46.93,18.46,6.68,2.36,1.77,2.55,0.59
2015,25.0,Cundinamarca,2543338.0,1771,445,661,112,62,288,52,69.63,17.5,25.99,4.4,2.44,11.32,2.04
2015,23.0,Córdoba,1726287.0,774,342,342,92,42,125,13,44.84,19.81,19.81,5.33,2.43,7.24,0.75
2015,94.0,Guainía,43291.0,50,6,7,3,4,5,2,115.5,13.86,16.17,6.93,9.24,11.55,4.62
2015,95.0,Guaviare,77328.0,68,46,32,6,4,13,2,87.94,59.49,41.38,7.76,5.17,16.81,2.59
2015,41.0,Huila,1061405.0,896,422,292,81,44,173,17,84.42,39.76,27.51,7.63,4.15,16.3,1.6
2015,44.0,La Guajira,803092.0,454,197,234,42,23,95,14,56.53,24.53,29.14,5.23,2.86,11.83,1.74
2015,47.0,Magdalena,1268980.0,813,237,251,72,60,116,16,64.07,18.68,19.78,5.67,4.73,9.14,1.26
2015,50.0,Meta,987232.0,678,220,265,60,35,80,9,68.68,22.28,26.84,6.08,3.55,8.1,0.91
2015,,Nacional,46252492.0,26545,8427,9903,2012,1257,4054,542,57.39,18.22,21.41,4.35,2.72,8.76,1.17
2015,52.0,Nariño,1608726.0,691,564,569,93,78,290,18,42.95,35.06,35.37,5.78,4.85,18.03,1.12
2015,54.0,Norte de Santander,1409900.0,816,281,246,79,67,122,14,57.88,19.93,17.45,5.6,4.75,8.65,0.99
2015,86.0,Putumayo,327856.0,321,119,91,23,8,48,9,97.91,36.3,27.76,7.02,2.44,14.64,2.75
2015,63.0,Quindío,526484.0,549,164,164,34,15,76,8,104.28,31.15,31.15,6.46,2.85,14.44,1.52
2015,66.0,Risaralda,923443.0,695,210,298,41,17,98,11,75.26,22.74,32.27,4.44,1.84,10.61,1.19
2015,68.0,Santander,2097069.0,1576,372,430,127,97,175,29,75.15,17.74,20.5,6.06,4.63,8.34,1.38
2015,70.0,Sucre,867701.0,561,213,184,40,37,67,9,64.65,24.55,21.21,4.61,4.26,7.72,1.04
2015,73.0,Tolima,1320911.0,1073,360,330,88,58,117,18,81.23,27.25,24.98,6.66,4.39,8.86,1.36
2015,76.0,Valle del Cauca,4397194.0,1588,600,980,145,61,418,37,36.11,13.65,22.29,3.3,1.39,9.51,0.84
2015,97.0,Vaupés,37638.0,14,6,5,3,1,5,1,37.2,15.94,13.28,7.97,2.66,13.28,2.66
2015,99.0,Vichada,100392.0,92,9,19,6,6,7,1,91.64,8.96,18.93,5.98,5.98,6.97,1.0
2016,91.0,Amazonas,73790.0,86,36,27,10,9,11,2,116.55,48.79,36.59,13.55,12.2,14.91,2.71
2016,5.0,Antioquia,6211312.0,3770,998,1245,231,149,489,67,60.7,16.07,20.04,3.72,2.4,7.87,1.08
2016,81.0,Arauca,244206.0,328,84,113,16,10,22,11,134.31,34.4,46.27,6.55,4.09,9.01,4.5
2016,8.0,Atlántico,2427046.0,678,219,197,42,28,90,15,27.94,9.02,8.12,1.73,1.15,3.71,0.62
2016,11.0,"Bogotá, D.C.",7300918.0,3228,688,1122,128,30,239,86,44.21,9.42,15.37,1.75,0.41,3.27,1.18
2016,13.0,Bolívar,2013010.0,876,374,394,97,65,161,18,43.52,18.58,19.57,4.82,3.23,8.0,0.89
2016,15.0,Boyacá,1199978.0,786,205,488,62,34,216,21,65.5,17.08,40.67,5.17,2.83,18.0,1.75
2016,17.0,Caldas,987214.0,744,160,249,59,37,120,14,75.36,16.21,25.22,5.98,3.75,12.16,1.42
2016,18.0,Caquetá,399983.0,317,113,93,25,20,32,4,79.25,28.25,23.25,6.25,5.0,8.0,1.0
2016,85.0,Casanare,403554.0,301,105,113,28,21,40,6,74.59,26.02,28.0,6.94,5.2,9.91,1.49
2016,19.0,Cauca,1434395.0,472,218,215,57,51,187,8,32.91,15.2,14.99,3.97,3.56,13.04,0.56
2016,20.0,Cesar,1136299.0,669,327,276,66,44,89,13,58.88,28.78,24.29,5.81,3.87,7.83,1.14
2016,27.0,Chocó,518234.0,237,94,36,14,9,13,3,45.73,18.14,6.95,2.7,1.74,2.51,0.58
2016,25.0,Cundinamarca,2652076.0,1508,412,635,112,57,273,42,56.86,15.53,23.94,4.22,2.15,10.29,1.58
2016,23.0,Córdoba,1744254.0,801,377,353,80,43,127,84,45.92,21.61,20.24,4.59,2.47,7.28,4.82
2016,95.0,Guaviare,78796.0,68,46,32,6,4,13,2,86.3,58.38,40.61,7.61,5.08,16.5,2.54
2016,41.0,Huila,1073916.0,914,455,323,77,44,174,21,85.11,42.37,30.08,7.17,4.1,16.2,1.96
2016,44.0,La Guajira,822700.0,323,158,131,34,25,56,9,39.26,19.21,15.92,4.13,3.04,6.81,1.09
2016,47.0,Magdalena,1287462.0,817,260,256,70,58,120,17,63.46,20.19,19.88,5.44,4.5,9.32,1.32
2016,50.0,Meta,1004633.0,622,276,274,64,34,74,9,61.91,27.47,27.27,6.37,3.38,7.37,0.9
2016,,Nacional,46621373.0,25501,8606,10047,1957,1213,3930,617,54.7,18.46,21.55,4.2,2.6,8.43,1.32
2016,52.0,Nariño,1615767.0,683,581,554,93,75,276,19,42.27,35.96,34.29,5.76,4.64,17.08,1.18
2016,54.0,Norte de Santander,1424761.0,837,313,275,83,68,121,16,58.75,21.97,19.3,5.83,4.77,8.49,1.12
2016,86.0,Putumayo,334152.0,315,119,87,21,9,44,9,94.27,35.61,26.04,6.28,2.69,13.17,2.69
2016,63.0,Quindío,529891.0,536,147,173,40,14,71,10,101.15,27.74,32.65,7.55,2.64,13.4,1.89
2016,66.0,Risaralda,929046.0,723,207,315,42,18,105,13,77.82,22.28,33.91,4.52,1.94,11.3,1.4
2016,68.0,Santander,2119954.0,1574,426,409,133,97,182,29,74.25,20.09,19.29,6.27,4.58,8.59,1.37
2016,70.0,Sucre,877397.0,538,248,175,40,36,66,9,61.32,28.27,19.95,4.56,4.1,7.52,1.03
2016,73.0,Tolima,1323323.0,1073,363,326,90,60,117,19,81.08,27.43,24.63,6.8,4.53,8.84,1.44
2016,76.0,Valle del Cauca,4414569.0,1663,591,1156,134,61,397,40,37.67,13.39,26.19,3.04,1.38,8.99,0.91
2016,97.0,Vaupés,38737.0,14,6,5,3,3,5,1,36.14,15.49,12.91,7.74,7.74,12.91,2.58
2017,91.0,Amazonas,75104.0,86,40,32,10,9,11,2,114.51,53.26,42.61,13.31,11.98,14.65,2.66
2017,5.0,Antioquia,6296843.0,3537,1093,1242,233,146,487,68,56.17,17.36,19.72,3.7,2.32,7.73,1.08
2017,81.0,Arauca,250502.0,248,103,72,17,9,36,10,99.0,41.12,28.74,6.79,3.59,14.37,3.99
2017,8.0,Atlántico,2468429.0,542,220,202,41,29,90,10,21.96,8.91,8.18,1.66,1.17,3.65,0.41
2017,11.0,"Bogotá, D.C.",7337449.0,3342,688,998,121,24,226,72,45.55,9.38,13.6,1.65,0.33,3.08,0.98
2017,13.0,Bolívar,2035711.0,896,421,454,98,56,162,17,44.01,20.68,22.3,4.81,2.75,7.96,0.84
2017,15.0,Boyacá,1207665.0,911,212,567,63,35,216,24,75.43,17.55,46.95,5.22,2.9,17.89,1.99
2017,17.0,Caldas,991363.0,743,197,269,60,36,124,11,74.95,19.87,27.13,6.05,3.63,12.51,1.11
2017,18.0,Caquetá,401099.0,309,123,88,24,21,36,4,77.04,30.67,21.94,5.98,5.24,8.98,1.0
2017,85.0,Casanare,411255.0,332,102,115,32,21,46,6,80.73,24.8,27.96,7.78,5.11,11.19,1.46
2017,19.0,Cauca,1448837.0,794,309,248,68,55,205,15,54.8,21.33,17.12,4.69,3.8,14.15,1.04
2017,20.0,Cesar,1162415.0,639,310,286,65,43,90,13,54.97,26.67,24.6,5.59,3.7,7.74,1.12
2017,27.0,Chocó,526888.0,231,84,34,11,8,12,3,43.84,15.94,6.45,2.09,1.52,2.28,0.57
2017,25.0,Cundinamarca,2773285.0,1533,455,724,119,54,274,44,55.28,16.41,26.11,4.29,1.95,9.88,1.59
2017,23.0,Córdoba,1763053.0,784,403,383,78,42,129,14,44.47,22.86,21.72,4.42,2.38,7.32,0.79
2017,95.0,Guaviare,80507.0,100,9,32,6,4,13,2,124.21,11.18,39.75,7.45,4.97,16.15,2.48
2017,41.0,Huila,1086654.0,898,467,350,81,46,168,21,82.64,42.98,32.21,7.45,4.23,15.46,1.93
2017,44.0,La Guajira,846012.0,331,156,127,33,25,52,11,39.12,18.44,15.01,3.9,2.96,6.15,1.3
2017,47.0,Magdalena,1309259.0,853,236,264,66,56,116,18,65.15,18.03,20.16,5.04,4.28,8.86,1.37
2017,50.0,Meta,1021943.0,656,280,269,57,34,79,11,64.19,27.4,26.32,5.58,3.33,7.73,1.08
2017,,Nacional,47311641.0,25970,9034,10285,1981,1193,3915,546,54.89,19.09,21.74,4.19,2.52,8.27,1.15
2017,52.0,Nariño,1621984.0,729,576,460,96,72,242,20,44.94,35.51,28.36,5.92,4.44,14.92,1.23
2017,54.0,Norte de Santander,1446748.0,875,375,319,83,68,125,16,60.48,25.92,22.05,5.74,4.7,8.64,1.11
2017,86.0,Putumayo,340750.0,318,119,86,21,9,37,9,93.32,34.92,25.24,6.16,2.64,10.86,2.64
2017,63.0,Quindío,533966.0,560,151,189,40,15,69,8,104.88,28.28,35.4,7.49,2.81,12.92,1.5
2017,66.0,Risaralda,935164.0,682,232,309,46,18,104,13,72.93,24.81,33.04,4.92,1.92,11.12,1.39
2017,68.0,Santander,2146496.0,1624,422,415,132,94,179,33,75.66,19.66,19.33,6.15,4.38,8.34,1.54
2017,70.0,Sucre,888638.0,554,243,207,42,35,62,8,62.34,27.35,23.29,4.73,3.94,6.98,0.9
2017,73.0,Tolima,1326203.0,1095,357,335,93,59,122,17,82.57,26.92,25.26,7.01,4.45,9.2,1.28
2017,76.0,Valle del Cauca,4432549.0,1675,634,1188,138,63,391,43,37.79,14.3,26.8,3.11,1.42,8.82,0.97
2017,97.0,Vaupés,39811.0,14,6,5,3,3,5,1,35.17,15.07,12.56,7.54,7.54,12.56,2.51
2017,99.0,Vichada,105059.0,79,11,16,4,4,7,2,75.2,10.47,15.23,3.81,3.81,6.66,1.9
2018,91.0,Amazonas,76589.0,76,40,32,10,9,11,2,99.23,52.23,41.78,13.06,11.75,14.36,2.61
2018,5.0,Antioquia,6407102.0,3487,1100,1264,231,142,497,68,54.42,17.17,19.73,3.61,2.22,7.76,1.06
2018,81.0,Arauca,262174.0,242,103,79,17,9,31,10,92.31,39.29,30.13,6.48,3.43,11.82,3.81
2018,8.0,Atlántico,2535517.0,551,187,209,42,28,87,10,21.73,7.38,8.24,1.66,1.1,3.43,0.39
2018,11.0,"Bogotá, D.C.",7412566.0,3104,724,1026,118,17,234,70,41.87,9.77,13.84,1.59,0.23,3.16,0.94
2018,13.0,Bolívar,2070110.0,899,421,409,97,57,168,18,43.43,20.34,19.76,4.69,2.75,8.12,0.87
2018,15.0,Boyacá,1217376.0,938,215,600,62,34,219,23,77.05,17.66,49.29,5.09,2.79,17.99,1.89
2018,17.0,Caldas,998255.0,730,185,270,57,36,119,11,73.13,18.53,27.05,5.71,3.61,11.92,1.1
2018,18.0,Caquetá,401849.0,310,123,89,24,20,47,4,77.14,30.61,22.15,5.97,4.98,11.7,1.0
2018,85.0,Casanare,420504.0,342,87,106,31,21,43,6,81.33,20.69,25.21,7.37,4.99,10.23,1.43
2018,19.0,Cauca,1464488.0,813,357,255,73,54,191,16,55.51,24.38,17.41,4.98,3.69,13.04,1.09
2018,20.0,Cesar,1200574.0,652,332,305,67,44,95,13,54.31,27.65,25.4,5.58,3.66,7.91,1.08
2018,27.0,Chocó,534826.0,234,107,33,12,8,12,3,43.75,20.01,6.17,2.24,1.5,2.24,0.56
2018,25.0,Cundinamarca,2919060.0,1544,466,698,117,52,241,44,52.89,15.96,23.91,4.01,1.78,8.26,1.51
2018,23.0,Córdoba,1784783.0,804,413,543,81,41,123,13,45.05,23.14,30.42,4.54,2.3,6.89,0.73
2018,95.0,Guaviare,82767.0,106,9,32,6,4,13,2,128.07,10.87,38.66,7.25,4.83,15.71,2.42
2018,41.0,Huila,1100386.0,901,478,353,84,45,168,21,81.88,43.44,32.08,7.63,4.09,15.27,1.91
2018,44.0,La Guajira,880560.0,357,148,132,29,24,47,9,40.54,16.81,14.99,3.29,2.73,5.34,1.02
2018,47.0,Magdalena,1341746.0,863,304,266,65,57,121,16,64.32,22.66,19.82,4.84,4.25,9.02,1.19
2018,50.0,Meta,1039722.0,678,276,271,57,34,77,11,65.21,26.55,26.06,5.48,3.27,7.41,1.06
2018,,Nacional,48149100.0,25993,9238,10456,1966,1168,3862,541,53.98,19.19,21.72,4.08,2.43,8.02,1.12
2018,52.0,Nariño,1630592.0,742,581,452,97,71,225,19,45.5,35.63,27.72,5.95,4.35,13.8,1.17
2018,54.0,Norte de Santander,1491689.0,925,368,327,85,66,125,15,62.01,24.67,21.92,5.7,4.42,8.38,1.01
2018,86.0,Putumayo,348182.0,317,122,87,22,9,36,8,91.04,35.04,24.99,6.32,2.58,10.34,2.3
2018,63.0,Quindío,539904.0,562,160,202,36,13,69,7,104.09,29.63,37.41,6.67,2.41,12.78,1.3
2018,66.0,Risaralda,943401.0,709,228,309,43,17,97,14,75.15,24.17,32.75,4.56,1.8,10.28,1.48
2018,68.0,Santander,2184837.0,1561,474,413,126,94,179,33,71.45,21.69,18.9,5.77,4.3,8.19,1.51
2018,70.0,Sucre,904863.0,583,240,194,42,35,60,10,64.43,26.52,21.44,4.64,3.87,6.63,1.11
2018,73.0,Tolima,1330187.0,1085,332,338,86,58,117,18,81.57,24.96,25.41,6.47,4.36,8.8,1.35
2018,76.0,Valle del Cauca,4475886.0,1777,648,1141,141,61,399,44,39.7,14.48,25.49,3.15,1.36,8.91,0.98
2018,97.0,Vaupés,40797.0,14,0,5,3,3,5,1,34.32,0.0,12.26,7.35,7.35,12.26,2.45
2018,99.0,Vichada,107808.0,87,10,16,5,5,6,2,80.7,9.28,14.84,4.64,4.64,5.57,1.86
2019,91.0,Amazonas,77753.0,76,40,24,7,9,9,1,97.75,51.44,30.87,9.0,11.58,11.58,1.29
2019,5.0,Antioquia,6550206.0,3478,1066,1266,223,138,489,60,53.1,16.27,19.33,3.4,2.11,7.47,0.92
2019,81.0,Arauca,280109.0,282,108,97,18,9,31,10,100.68,38.56,34.63,6.43,3.21,11.07,3.57
2019,8.0,Atlántico,2638151.0,548,211,204,42,27,85,10,20.77,8.0,7.73,1.59,1.02,3.22,0.38
2019,11.0,"Bogotá, D.C.",7592871.0,3042,809,868,104,17,222,67,40.06,10.65,11.43,1.37,0.22,2.92,0.88
2019,13.0,Bolívar,2130512.0,893,422,399,93,56,165,18,41.91,19.81,18.73,4.37,2.63,7.74,0.84
2019,15.0,Boyacá,1230910.0,951,214,575,63,34,214,22,77.26,17.39,46.71,5.12,2.76,17.39,1.79
2019,17.0,Caldas,1008344.0,706,195,254,58,37,107,13,70.02,19.34,25.19,5.75,3.67,10.61,1.29
2019,18.0,Caquetá,406142.0,326,136,89,24,20,47,4,80.27,33.49,21.91,5.91,4.92,11.57,0.98
2019,85.0,Casanare,428563.0,372,111,113,33,23,42,6,86.8,25.9,26.37,7.7,5.37,9.8,1.4
2019,19.0,Cauca,1478407.0,828,372,263,72,52,205,16,56.01,25.16,17.79,4.87,3.52,13.87,1.08
2019,20.0,Cesar,1252398.0,643,331,363,71,40,98,13,51.34,26.43,28.98,5.67,3.19,7.82,1.04
2019,27.0,Chocó,539933.0,220,108,29,9,7,10,2,40.75,20.0,5.37,1.67,1.3,1.85,0.37
2019,25.0,Cundinamarca,3085522.0,1636,489,677,130,48,248,47,53.02,15.85,21.94,4.21,1.56,8.04,1.52
2019,23.0,Córdoba,1808439.0,862,426,570,86,43,152,13,47.67,23.56,31.52,4.76,2.38,8.41,0.72
2019,95.0,Guaviare,84716.0,97,9,39,6,1,11,2,114.5,10.62,46.04,7.08,1.18,12.98,2.36
2019,41.0,Huila,1111844.0,916,543,338,85,42,168,20,82.39,48.84,30.4,7.64,3.78,15.11,1.8
2019,44.0,La Guajira,927506.0,364,151,129,31,22,41,9,39.25,16.28,13.91,3.34,2.37,4.42,0.97
2019,47.0,Magdalena,1388832.0,872,296,296,68,56,121,16,62.79,21.31,21.31,4.9,4.03,8.71,1.15
2019,50.0,Meta,1052125.0,672,277,284,59,34,77,12,63.87,26.33,26.99,5.61,3.23,7.32,1.14
2019,,Nacional,49283723.0,26138,9551,10413,1972,1142,3836,525,53.04,19.38,21.13,4.0,2.32,7.78,1.07
2019,52.0,Nariño,1628981.0,746,584,482,97,68,219,19,45.8,35.85,29.59,5.95,4.17,13.44,1.17
2019,54.0,Norte de Santander,1565362.0,871,349,335,86,67,125,12,55.64,22.3,21.4,5.49,4.28,7.99,0.77
2019,86.0,Putumayo,353759.0,327,125,86,23,9,36,8,92.44,35.33,24.31,6.5,2.54,10.18,2.26
2019,63.0,Quindío,547855.0,536,152,186,33,13,68,7,97.84,27.74,33.95,6.02,2.37,12.41,1.28
2019,66.0,Risaralda,952511.0,697,239,310,43,18,97,12,73.18,25.09,32.55,4.51,1.89,10.18,1.26
2019,68.0,Santander,2237587.0,1581,483,414,125,94,177,28,70.66,21.59,18.5,5.59,4.2,7.91,1.25
2019,70.0,Sucre,928984.0,583,263,196,43,34,62,8,62.76,28.31,21.1,4.63,3.66,6.67,0.86
2019,73.0,Tolima,1335313.0,1084,352,330,85,57,111,23,81.18,26.36,24.71,6.37,4.27,8.31,1.72
2019,76.0,Valle del Cauca,4506768.0,1835,674,1175,147,59,386,44,40.72,14.96,26.07,3.26,1.31,8.56,0.98
2019,97.0,Vaupés,42721.0,14,0,5,3,3,5,1,32.77,0.0,11.7,7.02,7.02,11.7,2.34
2019,99.0,Vichada,110599.0,80,16,17,5,5,8,2,72.33,14.47,15.37,4.52,4.52,7.23,1.81
2020,91.0,Amazonas,80472.0,109,32,23,4,9,16,2,135.45,39.77,28.58,4.97,11.18,19.88,2.49
2020,5.0,Antioquia,6649401.0,3570,935,1295,229,140,498,62,53.69,14.06,19.48,3.44,2.11,7.49,0.93
2020,81.0,Arauca,291252.0,327,102,98,18,8,34,10,112.27,35.02,33.65,6.18,2.75,11.67,3.43
2020,8.0,Atlántico,2693665.0,550,240,192,46,29,85,6,20.42,8.91,7.13,1.71,1.08,3.16,0.22
2020,11.0,"Bogotá, D.C.",7732161.0,3042,781,819,104,17,208,67,39.34,10.1,10.59,1.35,0.22,2.69,0.87
2020,13.0,Bolívar,2169294.0,898,388,397,89,57,157,20,41.4,17.89,18.3,4.1,2.63,7.24,0.92
2020,15.0,Boyacá,1257289.0,1024,242,670,68,34,269,22,81.45,19.25,53.29,5.41,2.7,21.4,1.75
2020,17.0,Caldas,1021435.0,763,188,261,56,37,109,13,74.7,18.41,25.55,5.48,3.62,10.67,1.27
2020,18.0,Caquetá,413688.0,337,102,72,23,19,46,4,81.46,24.66,17.4,5.56,4.59,11.12,0.97
2020,85.0,Casanare,443532.0,416,119,119,38,23,41,6,93.79,26.83,26.83,8.57,5.19,9.24,1.35
2020,19.0,Cauca,1508061.0,894,369,256,72,51,209,18,59.28,24.47,16.98,4.77,3.38,13.86,1.19
2020,20.0,Cesar,1290919.0,720,333,339,68,38,99,13,55.77,25.8,26.26,5.27,2.94,7.67,1.01
2020,27.0,Chocó,562387.0,341,169,85,34,29,34,2,60.63,30.05,15.11,6.05,5.16,6.05,0.36
2020,25.0,Cundinamarca,3147954.0,1620,511,711,142,48,245,49,51.46,16.23,22.59,4.51,1.52,7.78,1.56
2020,23.0,Córdoba,1842585.0,901,489,565,91,42,150,14,48.9,26.54,30.66,4.94,2.28,8.14,0.76
2020,94.0,Guainía,52006.0,39,17,18,1,3,7,3,74.99,32.69,34.61,1.92,5.77,13.46,5.77
2020,95.0,Guaviare,89050.0,116,9,39,6,4,11,2,130.26,10.11,43.8,6.74,4.49,12.35,2.25
2020,41.0,Huila,1136911.0,1048,445,334,93,43,164,20,92.18,39.14,29.38,8.18,3.78,14.43,1.76
2020,44.0,La Guajira,964067.0,377,173,146,30,22,39,9,39.11,17.94,15.14,3.11,2.28,4.05,0.93
2020,47.0,Magdalena,1426023.0,792,315,326,64,61,127,18,55.54,22.09,22.86,4.49,4.28,8.91,1.26
2020,50.0,Meta,1082032.0,749,275,294,61,37,82,11,69.22,25.42,27.17,5.64,3.42,7.58,1.02
2020,,Nacional,50345749.0,27491,9387,10730,2041,1174,3909,542,54.6,18.65,21.31,4.05,2.33,7.76,1.08
2020,52.0,Nariño,1665454.0,809,635,474,98,71,216,20,48.58,38.13,28.46,5.88,4.26,12.97,1.2
2020,54.0,Norte de Santander,1617209.0,881,335,339,88,62,123,12,54.48,20.71,20.96,5.44,3.83,7.61,0.74
2020,86.0,Putumayo,364883.0,331,119,97,22,10,35,8,90.71,32.61,26.58,6.03,2.74,9.59,2.19
2020,63.0,Quindío,553321.0,459,109,173,35,12,59,7,82.95,19.7,31.27,6.33,2.17,10.66,1.27
2020,66.0,Risaralda,962779.0,707,239,318,43,16,96,12,73.43,24.82,33.03,4.47,1.66,9.97,1.25
2020,68.0,Santander,2282208.0,1699,413,503,130,95,176,28,74.45,18.1,22.04,5.7,4.16,7.71,1.23
2020,70.0,Sucre,950612.0,586,239,184,43,35,62,7,61.64,25.14,19.36,4.52,3.68,6.52,0.74
2020,73.0,Tolima,1354338.0,1151,368,317,90,55,109,27,84.99,27.17,23.41,6.65,4.06,8.05,1.99
2020,76.0,Valle del Cauca,4582377.0,2113,684,1241,147,59,390,47,46.11,14.93,27.08,3.21,1.29,8.51,1.03
2020,97.0,Vaupés,43188.0,45,6,8,3,3,5,1,104.2,13.89,18.52,6.95,6.95,11.58,2.32
2020,99.0,Vichada,115196.0,77,6,17,5,5,8,2,66.84,5.21,14.76,4.34,4.34,6.94,1.74
2021,91.0,Amazonas,82171.0,34,41,16,2,15,3,2,41.38,49.9,19.47,2.43,18.25,3.65,2.43
2021,5.0,Antioquia,6726219.0,3516,1102,1386,225,137,500,62,52.27,16.38,20.61,3.35,2.04,7.43,0.92
2021,81.0,Arauca,300637.0,260,112,153,22,9,29,13,86.48,37.25,50.89,7.32,2.99,9.65,4.32
2021,88.0,"Archipiélago de San Andrés, Providencia y Santa Catalina",62159.0,113,49,29,8,1,4,3,181.79,78.83,46.65,12.87,1.61,6.44,4.83
2021,8.0,Atlántico,2741002.0,440,197,214,46,27,83,6,16.05,7.19,7.81,1.68,0.99,3.03,0.22
2021,11.0,"Bogotá, D.C.",7823334.0,3022,726,907,93,13,207,68,38.63,9.28,11.59,1.19,0.17,2.65,0.87
2021,13.0,Bolívar,2202773.0,1056,452,541,110,49,153,21,47.94,20.52,24.56,4.99,2.22,6.95,0.95
2021,15.0,Boyacá,1271639.0,1231,275,828,73,34,279,23,96.8,21.63,65.11,5.74,2.67,21.94,1.81
2021,17.0,Caldas,1028635.0,700,261,319,61,35,113,12,68.05,25.37,31.01,5.93,3.4,10.99,1.17
2021,18.0,Caquetá,418267.0,370,150,96,23,18,46,4,88.46,35.86,22.95,5.5,4.3,11.0,0.96
2021,85.0,Casanare,452098.0,394,139,179,36,23,45,6,87.15,30.75,39.59,7.96,5.09,9.95,1.33
2021,19.0,Cauca,1525284.0,998,386,270,80,46,204,19,65.43,25.31,17.7,5.24,3.02,13.37,1.25
2021,20.0,Cesar,1322378.0,703,322,387,66,34,97,13,53.16,24.35,29.27,4.99,2.57,7.34,0.98
2021,27.0,Chocó,573848.0,322,165,79,36,33,36,3,56.11,28.75,13.77,6.27,5.75,6.27,0.52
2021,25.0,Cundinamarca,3233689.0,1541,560,1072,128,46,237,50,47.65,17.32,33.15,3.96,1.42,7.33,1.55
2021,23.0,Córdoba,1864336.0,756,489,608,89,43,148,13,40.55,26.23,32.61,4.77,2.31,7.94,0.7
2021,94.0,Guainía,53583.0,27,10,8,1,1,4,1,50.39,18.66,14.93,1.87,1.87,7.47,1.87
2021,95.0,Guaviare,91717.0,116,9,40,6,4,11,2,126.48,9.81,43.61,6.54,4.36,11.99,2.18
2021,41.0,Huila,1151211.0,1045,452,353,93,43,135,20,90.77,39.26,30.66,8.08,3.74,11.73,1.74
2021,44.0,La Guajira,993081.0,375,165,192,28,19,39,7,37.76,16.61,19.33,2.82,1.91,3.93,0.7
2021,47.0,Magdalena,1454154.0,829,321,368,63,60,122,18,57.01,22.07,25.31,4.33,4.13,8.39,1.24
2021,50.0,Meta,1098104.0,710,257,314,62,36,86,8,64.66,23.4,28.59,5.65,3.28,7.83,0.73
2021,,Nacional,51117378.0,27717,10006,12653,2053,1122,3802,543,54.22,19.57,24.75,4.02,2.19,7.44,1.06
2021,52.0,Nariño,1678786.0,837,640,504,102,68,202,19,49.86,38.12,30.02,6.08,4.05,12.03,1.13
2021,54.0,Norte de Santander,1654341.0,915,411,657,89,48,117,12,55.31,24.84,39.71,5.38,2.9,7.07,0.73
2021,86.0,Putumayo,371213.0,348,141,95,23,9,37,9,93.75,37.98,25.59,6.2,2.42,9.97,2.42
2021,63.0,Quindío,557099.0,598,100,165,29,10,56,6,107.34,17.95,29.62,5.21,1.8,10.05,1.08
2021,66.0,Risaralda,968287.0,737,238,358,44,16,89,12,76.11,24.58,36.97,4.54,1.65,9.19,1.24
2021,68.0,Santander,2312097.0,1706,557,636,126,92,172,29,73.79,24.09,27.51,5.45,3.98,7.44,1.25
2021,70.0,Sucre,966893.0,550,236,208,44,33,61,7,56.88,24.41,21.51,4.55,3.41,6.31,0.72
2021,73.0,Tolima,1361931.0,1251,401,316,91,56,107,27,91.85,29.44,23.2,6.68,4.11,7.86,1.98
2021,76.0,Valle del Cauca,4613764.0,2118,626,1331,146,56,366,45,45.91,13.57,28.85,3.16,1.21,7.93,0.98
2021,97.0,Vaupés,44378.0,22,10,7,3,3,6,1,49.57,22.53,15.77,6.76,6.76,13.52,2.25
2021,99.0,Vichada,118270.0,77,6,17,5,5,8,2,65.11,5.07,14.37,4.23,4.23,6.76,1.69
2022,91.0,Amazonas,83690.0,74,22,17,2,1,3,2,88.42,26.29,20.31,2.39,1.19,3.58,2.39
2022,5.0,Antioquia,6787846.0,3526,1160,1484,240,134,493,67,51.95,17.09,21.86,3.54,1.97,7.26,0.99
2022,81.0,Arauca,307628.0,298,136,137,20,9,30,12,96.87,44.21,44.53,6.5,2.93,9.75,3.9
2022,88.0,"Archipiélago de San Andrés, Providencia y Santa Catalina",62255.0,59,19,28,6,1,3,2,94.77,30.52,44.98,9.64,1.61,4.82,3.21
2022,8.0,Atlántico,2774958.0,475,238,316,47,26,86,5,17.12,8.58,11.39,1.69,0.94,3.1,0.18
2022,11.0,"Bogotá, D.C.",7873316.0,2911,721,976,97,15,201,65,36.97,9.16,12.4,1.23,0.19,2.55,0.83
2022,13.0,Bolívar,2227184.0,1059,490,671,83,47,152,23,47.55,22.0,30.13,3.73,2.11,6.82,1.03
2022,15.0,Boyacá,1285035.0,1117,277,835,69,35,276,24,86.92,21.56,64.98,5.37,2.72,21.48,1.87
2022,17.0,Caldas,1034151.0,683,254,371,58,35,112,12,66.04,24.56,35.87,5.61,3.38,10.83,1.16
2022,18.0,Caquetá,421797.0,359,167,106,24,18,46,4,85.11,39.59,25.13,5.69,4.27,10.91,0.95
2022,85.0,Casanare,459973.0,392,128,207,39,23,46,6,85.22,27.83,45.0,8.48,5.0,10.0,1.3
2022,19.0,Cauca,1541265.0,977,416,584,77,47,241,19,63.39,26.99,37.89,5.0,3.05,15.64,1.23
2022,20.0,Cesar,1349162.0,719,342,477,71,36,107,13,53.29,25.35,35.36,5.26,2.67,7.93,0.96
2022,27.0,Chocó,584521.0,233,113,62,5199,16,25,2,39.86,19.33,10.61,889.45,2.74,4.28,0.34
2022,25.0,Cundinamarca,3334637.0,1661,581,1041,134,46,234,50,49.81,17.42,31.22,4.02,1.38,7.02,1.5
2022,23.0,Córdoba,1882211.0,767,461,633,88,43,146,13,40.75,24.49,33.63,4.68,2.28,7.76,0.69
2022,95.0,Guaviare,94625.0,116,25,38,7,4,9,2,122.59,26.42,40.16,7.4,4.23,9.51,2.11
2022,41.0,Huila,1164463.0,900,499,400,90,42,152,20,77.29,42.85,34.35,7.73,3.61,13.05,1.72
2022,44.0,La Guajira,1017121.0,411,170,228,27,19,40,8,40.41,16.71,22.42,2.65,1.87,3.93,0.79
2022,47.0,Magdalena,1476366.0,848,352,366,62,53,123,19,57.44,23.84,24.79,4.2,3.59,8.33,1.29
2022,50.0,Meta,1113810.0,669,285,283,60,36,85,7,60.06,25.59,25.41,5.39,3.23,7.63,0.63
2022,,Nacional,51627601.0,27083,10468,13656,7213,1072,3806,548,52.46,20.28,26.45,13.97,2.08,7.37,1.06
2022,52.0,Nariño,1689002.0,807,651,565,104,66,200,20,47.78,38.54,33.45,6.16,3.91,11.84,1.18
2022,54.0,Norte de Santander,1678975.0,923,410,670,87,44,119,12,54.97,24.42,39.91,5.18,2.62,7.09,0.71
2022,86.0,Putumayo,377095.0,348,152,106,24,10,33,8,92.28,40.31,28.11,6.36,2.65,8.75,2.12
2022,63.0,Quindío,559810.0,466,145,159,31,12,52,6,83.24,25.9,28.4,5.54,2.14,9.29,1.07
2022,66.0,Risaralda,970138.0,724,231,212,42,16,86,11,74.63,23.81,21.85,4.33,1.65,8.86,1.13
2022,68.0,Santander,2335238.0,1653,587,688,128,87,171,31,70.79,25.14,29.46,5.48,3.73,7.32,1.33
2022,70.0,Sucre,980942.0,552,265,220,45,32,59,7,56.27,27.01,22.43,4.59,3.26,6.01,0.71
2022,73.0,Tolima,1367802.0,1281,508,376,93,56,101,30,93.65,37.14,27.49,6.8,4.09,7.38,2.19
2022,76.0,Valle del Cauca,4626064.0,1976,647,1369,151,55,362,45,42.71,13.99,29.59,3.26,1.19,7.83,0.97
2022,97.0,Vaupés,45579.0,22,10,7,3,3,6,1,48.27,21.94,15.36,6.58,6.58,13.16,2.19
2022,99.0,Vichada,120942.0,77,6,24,5,5,7,2,63.67,4.96,19.84,4.13,4.13,5.79,1.65
